year,survey,sex,age,measure,value,n_unweighted,small_denominator,source_table
2021,SHIMS3 2021,all,15+,aware_of_all_plhiv,0.937,2887,False,Table 9.1.A
2021,SHIMS3 2021,all,15-24,aware_of_all_plhiv,0.8540000000000001,250,False,Table 9.1.A
2021,SHIMS3 2021,all,15-49,aware_of_all_plhiv,0.927,2159,False,Table 9.1.A
2021,SHIMS3 2021,all,25-34,aware_of_all_plhiv,0.888,696,False,Table 9.1.A
2021,SHIMS3 2021,all,35-49,aware_of_all_plhiv,0.9640000000000001,1213,False,Table 9.1.A
2021,SHIMS3 2021,all,50+,aware_of_all_plhiv,0.9690000000000001,728,False,Table 9.1.A
2021,SHIMS3 2021,f,15+,aware_of_all_plhiv,0.9490000000000001,2012,False,Table 9.1.A
2021,SHIMS3 2021,f,15-24,aware_of_all_plhiv,0.836,194,False,Table 9.1.A
2021,SHIMS3 2021,f,15-49,aware_of_all_plhiv,0.945,1576,False,Table 9.1.A
2021,SHIMS3 2021,f,25-34,aware_of_all_plhiv,0.9309999999999999,575,False,Table 9.1.A
2021,SHIMS3 2021,f,35-49,aware_of_all_plhiv,0.983,807,False,Table 9.1.A
2021,SHIMS3 2021,f,50+,aware_of_all_plhiv,0.968,436,False,Table 9.1.A
2021,SHIMS3 2021,m,15+,aware_of_all_plhiv,0.9159999999999999,875,False,Table 9.1.A
2021,SHIMS3 2021,m,15-24,aware_of_all_plhiv,0.9109999999999999,56,False,Table 9.1.A
2021,SHIMS3 2021,m,15-49,aware_of_all_plhiv,0.8909999999999999,583,False,Table 9.1.A
2021,SHIMS3 2021,m,25-34,aware_of_all_plhiv,0.748,121,False,Table 9.1.A
2021,SHIMS3 2021,m,35-49,aware_of_all_plhiv,0.934,406,False,Table 9.1.A
2021,SHIMS3 2021,m,50+,aware_of_all_plhiv,0.97,292,False,Table 9.1.A
2021,SHIMS3 2021,all,15+,on_art_given_aware,0.973,2724,False,Table 9.1.B
2021,SHIMS3 2021,all,15-24,on_art_given_aware,0.9640000000000001,213,False,Table 9.1.B
2021,SHIMS3 2021,all,15-49,on_art_given_aware,0.968,2017,False,Table 9.1.B
2021,SHIMS3 2021,all,25-34,on_art_given_aware,0.948,632,False,Table 9.1.B
2021,SHIMS3 2021,all,35-49,on_art_given_aware,0.978,1172,False,Table 9.1.B
2021,SHIMS3 2021,all,50+,on_art_given_aware,0.991,707,False,Table 9.1.B
2021,SHIMS3 2021,f,15+,on_art_given_aware,0.981,1918,False,Table 9.1.B
2021,SHIMS3 2021,f,15-24,on_art_given_aware,0.9640000000000001,163,False,Table 9.1.B
2021,SHIMS3 2021,f,15-49,on_art_given_aware,0.977,1494,False,Table 9.1.B
2021,SHIMS3 2021,f,25-34,on_art_given_aware,0.9670000000000001,538,False,Table 9.1.B
2021,SHIMS3 2021,f,35-49,on_art_given_aware,0.986,793,False,Table 9.1.B
2021,SHIMS3 2021,f,50+,on_art_given_aware,0.998,424,False,Table 9.1.B
2021,SHIMS3 2021,m,15+,on_art_given_aware,0.9590000000000001,806,False,Table 9.1.B
2021,SHIMS3 2021,m,15-24,on_art_given_aware,0.9640000000000001,50,False,Table 9.1.B
2021,SHIMS3 2021,m,15-49,on_art_given_aware,0.948,523,False,Table 9.1.B
2021,SHIMS3 2021,m,25-34,on_art_given_aware,0.868,94,False,Table 9.1.B
2021,SHIMS3 2021,m,35-49,on_art_given_aware,0.966,379,False,Table 9.1.B
2021,SHIMS3 2021,m,50+,on_art_given_aware,0.983,283,False,Table 9.1.B
2021,SHIMS3 2021,all,15+,on_art_of_all_plhiv,0.912,2887,False,Table 9.1.A
2021,SHIMS3 2021,all,15-24,on_art_of_all_plhiv,0.8240000000000001,250,False,Table 9.1.A
2021,SHIMS3 2021,all,15-49,on_art_of_all_plhiv,0.897,2159,False,Table 9.1.A
2021,SHIMS3 2021,all,25-34,on_art_of_all_plhiv,0.841,696,False,Table 9.1.A
2021,SHIMS3 2021,all,35-49,on_art_of_all_plhiv,0.943,1213,False,Table 9.1.A
2021,SHIMS3 2021,all,50+,on_art_of_all_plhiv,0.96,728,False,Table 9.1.A
2021,SHIMS3 2021,f,15+,on_art_of_all_plhiv,0.9309999999999999,2012,False,Table 9.1.A
2021,SHIMS3 2021,f,15-24,on_art_of_all_plhiv,0.807,194,False,Table 9.1.A
2021,SHIMS3 2021,f,15-49,on_art_of_all_plhiv,0.9229999999999999,1576,False,Table 9.1.A
2021,SHIMS3 2021,f,25-34,on_art_of_all_plhiv,0.9,575,False,Table 9.1.A
2021,SHIMS3 2021,f,35-49,on_art_of_all_plhiv,0.968,807,False,Table 9.1.A
2021,SHIMS3 2021,f,50+,on_art_of_all_plhiv,0.966,436,False,Table 9.1.A
2021,SHIMS3 2021,m,15+,on_art_of_all_plhiv,0.878,875,False,Table 9.1.A
2021,SHIMS3 2021,m,15-24,on_art_of_all_plhiv,0.877,56,False,Table 9.1.A
2021,SHIMS3 2021,m,15-49,on_art_of_all_plhiv,0.845,583,False,Table 9.1.A
2021,SHIMS3 2021,m,25-34,on_art_of_all_plhiv,0.65,121,False,Table 9.1.A
2021,SHIMS3 2021,m,35-49,on_art_of_all_plhiv,0.903,406,False,Table 9.1.A
2021,SHIMS3 2021,m,50+,on_art_of_all_plhiv,0.953,292,False,Table 9.1.A
2021,SHIMS3 2021,all,15+,vls_given_art,0.9620000000000001,2660,False,Table 9.1.B
2021,SHIMS3 2021,all,15-24,vls_given_art,0.894,206,False,Table 9.1.B
2021,SHIMS3 2021,all,15-49,vls_given_art,0.953,1959,False,Table 9.1.B
2021,SHIMS3 2021,all,25-34,vls_given_art,0.9490000000000001,607,False,Table 9.1.B
2021,SHIMS3 2021,all,35-49,vls_given_art,0.966,1146,False,Table 9.1.B
2021,SHIMS3 2021,all,50+,vls_given_art,0.9890000000000001,701,False,Table 9.1.B
2021,SHIMS3 2021,f,15+,vls_given_art,0.9590000000000001,1885,False,Table 9.1.B
2021,SHIMS3 2021,f,15-24,vls_given_art,0.904,158,False,Table 9.1.B
2021,SHIMS3 2021,f,15-49,vls_given_art,0.951,1462,False,Table 9.1.B
2021,SHIMS3 2021,f,25-34,vls_given_art,0.946,524,False,Table 9.1.B
2021,SHIMS3 2021,f,35-49,vls_given_art,0.9640000000000001,780,False,Table 9.1.B
2021,SHIMS3 2021,f,50+,vls_given_art,0.992,423,False,Table 9.1.B
2021,SHIMS3 2021,m,15+,vls_given_art,0.9670000000000001,775,False,Table 9.1.B
2021,SHIMS3 2021,m,15-24,vls_given_art,0.865,48,True,Table 9.1.B
2021,SHIMS3 2021,m,15-49,vls_given_art,0.958,497,False,Table 9.1.B
2021,SHIMS3 2021,m,25-34,vls_given_art,0.961,83,False,Table 9.1.B
2021,SHIMS3 2021,m,35-49,vls_given_art,0.9690000000000001,366,False,Table 9.1.B
2021,SHIMS3 2021,m,50+,vls_given_art,0.985,278,False,Table 9.1.B
2021,SHIMS3 2021,all,15+,vls_of_all_plhiv,0.877,2887,False,Table 9.1.A
2021,SHIMS3 2021,all,15-24,vls_of_all_plhiv,0.736,250,False,Table 9.1.A
2021,SHIMS3 2021,all,15-49,vls_of_all_plhiv,0.855,2159,False,Table 9.1.A
2021,SHIMS3 2021,all,25-34,vls_of_all_plhiv,0.7979999999999999,696,False,Table 9.1.A
2021,SHIMS3 2021,all,35-49,vls_of_all_plhiv,0.9109999999999999,1213,False,Table 9.1.A
2021,SHIMS3 2021,all,50+,vls_of_all_plhiv,0.9490000000000001,728,False,Table 9.1.A
2021,SHIMS3 2021,f,15+,vls_of_all_plhiv,0.893,2012,False,Table 9.1.A
2021,SHIMS3 2021,f,15-24,vls_of_all_plhiv,0.7290000000000001,194,False,Table 9.1.A
2021,SHIMS3 2021,f,15-49,vls_of_all_plhiv,0.877,1576,False,Table 9.1.A
2021,SHIMS3 2021,f,25-34,vls_of_all_plhiv,0.851,575,False,Table 9.1.A
2021,SHIMS3 2021,f,35-49,vls_of_all_plhiv,0.934,807,False,Table 9.1.A
2021,SHIMS3 2021,f,50+,vls_of_all_plhiv,0.9590000000000001,436,False,Table 9.1.A
2021,SHIMS3 2021,m,15+,vls_of_all_plhiv,0.85,875,False,Table 9.1.A
2021,SHIMS3 2021,m,15-24,vls_of_all_plhiv,0.759,56,False,Table 9.1.A
2021,SHIMS3 2021,m,15-49,vls_of_all_plhiv,0.809,583,False,Table 9.1.A
2021,SHIMS3 2021,m,25-34,vls_of_all_plhiv,0.625,121,False,Table 9.1.A
2021,SHIMS3 2021,m,35-49,vls_of_all_plhiv,0.875,406,False,Table 9.1.A
2021,SHIMS3 2021,m,50+,vls_of_all_plhiv,0.9390000000000001,292,False,Table 9.1.A
