,Time,Sex,AgeStart,Value
0,1985,Male,0,0.07299914
1,1985,Female,0,0.05997651
2,1985,Male,1,0.01127829
3,1985,Female,1,0.01027643
4,1985,Male,2,0.0069238
5,1985,Female,2,0.0062426
6,1985,Male,3,0.00476451
7,1985,Female,3,0.00427089
8,1985,Male,4,0.00337781
9,1985,Female,4,0.00304771
10,1985,Male,5,0.00257317
11,1985,Female,5,0.00231426
12,1985,Male,6,0.0021392
13,1985,Female,6,0.00190146
14,1985,Male,7,0.00183508
15,1985,Female,7,0.00161337
16,1985,Male,8,0.00161648
17,1985,Female,8,0.00141287
18,1985,Male,9,0.00147392
19,1985,Female,9,0.00128512
20,1985,Male,10,0.0013862
21,1985,Female,10,0.00121827
22,1985,Male,11,0.00134205
23,1985,Female,11,0.00119194
24,1985,Male,12,0.00136141
25,1985,Female,12,0.00121026
26,1985,Male,13,0.00142957
27,1985,Female,13,0.00126685
28,1985,Male,14,0.00155537
29,1985,Female,14,0.00136401
30,1985,Male,15,0.00172397
31,1985,Female,15,0.00149362
32,1985,Male,16,0.00196305
33,1985,Female,16,0.00164448
34,1985,Male,17,0.0022219
35,1985,Female,17,0.00177713
36,1985,Male,18,0.00249465
37,1985,Female,18,0.00192361
38,1985,Male,19,0.00273455
39,1985,Female,19,0.00204626
40,1985,Male,20,0.00295616
41,1985,Female,20,0.00216675
42,1985,Male,21,0.00314339
43,1985,Female,21,0.00227359
44,1985,Male,22,0.00329615
45,1985,Female,22,0.00238792
46,1985,Male,23,0.003409
47,1985,Female,23,0.00249724
48,1985,Male,24,0.00349921
49,1985,Female,24,0.00260973
50,1985,Male,25,0.00357292
51,1985,Female,25,0.0027219
52,1985,Male,26,0.00364948
53,1985,Female,26,0.00283647
54,1985,Male,27,0.00373741
55,1985,Female,27,0.00295081
56,1985,Male,28,0.00384618
57,1985,Female,28,0.00307789
58,1985,Male,29,0.00396471
59,1985,Female,29,0.00319138
60,1985,Male,30,0.00413501
61,1985,Female,30,0.00335
62,1985,Male,31,0.00425377
63,1985,Female,31,0.00344466
64,1985,Male,32,0.00448077
65,1985,Female,32,0.00363398
66,1985,Male,33,0.00467925
67,1985,Female,33,0.00379816
68,1985,Male,34,0.00489898
69,1985,Female,34,0.00397936
70,1985,Male,35,0.00516862
71,1985,Female,35,0.00418262
72,1985,Male,36,0.00542236
73,1985,Female,36,0.00438798
74,1985,Male,37,0.0056945
75,1985,Female,37,0.00458762
76,1985,Male,38,0.00601936
77,1985,Female,38,0.00485647
78,1985,Male,39,0.00632181
79,1985,Female,39,0.00507869
80,1985,Male,40,0.00673256
81,1985,Female,40,0.00538716
82,1985,Male,41,0.00699748
83,1985,Female,41,0.00555988
84,1985,Male,42,0.00748462
85,1985,Female,42,0.0059178
86,1985,Male,43,0.00784591
87,1985,Female,43,0.0061491
88,1985,Male,44,0.00830564
89,1985,Female,44,0.00644001
90,1985,Male,45,0.00886033
91,1985,Female,45,0.00679558
92,1985,Male,46,0.00933727
93,1985,Female,46,0.00711984
94,1985,Male,47,0.00994934
95,1985,Female,47,0.00751282
96,1985,Male,48,0.01067424
97,1985,Female,48,0.00803589
98,1985,Male,49,0.01141223
99,1985,Female,49,0.0085462
100,1985,Male,50,0.01235328
101,1985,Female,50,0.0092616
102,1985,Male,51,0.01301369
103,1985,Female,51,0.00970005
104,1985,Male,52,0.0140692
105,1985,Female,52,0.01051286
106,1985,Male,53,0.01494131
107,1985,Female,53,0.01111744
108,1985,Male,54,0.01593544
109,1985,Female,54,0.01186442
110,1985,Male,55,0.01693729
111,1985,Female,55,0.01260749
112,1985,Male,56,0.0180841
113,1985,Female,56,0.01348654
114,1985,Male,57,0.01928452
115,1985,Female,57,0.01437793
116,1985,Male,58,0.02083896
117,1985,Female,58,0.01560922
118,1985,Male,59,0.02243755
119,1985,Female,59,0.0168411
120,1985,Male,60,0.02460449
121,1985,Female,60,0.01868263
122,1985,Male,61,0.02622977
123,1985,Female,61,0.01990328
124,1985,Male,62,0.02877071
125,1985,Female,62,0.02204428
126,1985,Male,63,0.03113028
127,1985,Female,63,0.02399942
128,1985,Male,64,0.03371034
129,1985,Female,64,0.02620449
130,1985,Male,65,0.03659326
131,1985,Female,65,0.028721
132,1985,Male,66,0.03924343
133,1985,Female,66,0.03106422
134,1985,Male,67,0.04255902
135,1985,Female,67,0.03398728
136,1985,Male,68,0.0462946
137,1985,Female,68,0.03742511
138,1985,Male,69,0.05016003
139,1985,Female,69,0.04086833
140,1985,Male,70,0.05538127
141,1985,Female,70,0.04595283
142,1985,Male,71,0.05935926
143,1985,Female,71,0.0493997
144,1985,Male,72,0.06569776
145,1985,Female,72,0.0552969
146,1985,Male,73,0.07145624
147,1985,Female,73,0.0605396
148,1985,Male,74,0.07798247
149,1985,Female,74,0.06659458
150,1985,Male,75,0.08510429
151,1985,Female,75,0.07327698
152,1985,Male,76,0.09244508
153,1985,Female,76,0.07991855
154,1985,Male,77,0.10026266
155,1985,Female,77,0.08704048
156,1985,Male,78,0.10982367
157,1985,Female,78,0.09605209
158,1985,Male,79,0.11882421
159,1985,Female,79,0.1042672
160,1985,Male,80,0.13019375
161,1985,Female,80,0.11515529
162,1985,Male,81,0.13948093
163,1985,Female,81,0.12330903
164,1985,Male,82,0.1538484
165,1985,Female,82,0.13719948
166,1985,Male,83,0.16710089
167,1985,Female,83,0.14992722
168,1985,Male,84,0.18252882
169,1985,Female,84,0.16468538
170,1985,Male,85,0.19657651
171,1985,Female,85,0.17897089
172,1985,Male,86,0.21269075
173,1985,Female,86,0.19448683
174,1985,Male,87,0.22869125
175,1985,Female,87,0.21000063
176,1985,Male,88,0.24617311
177,1985,Female,88,0.22730089
178,1985,Male,89,0.26328633
179,1985,Female,89,0.24412745
180,1985,Male,90,0.28422211
181,1985,Female,90,0.26660115
182,1985,Male,91,0.30023009
183,1985,Female,91,0.28161497
184,1985,Male,92,0.32320588
185,1985,Female,92,0.30532285
186,1985,Male,93,0.34461294
187,1985,Female,93,0.32718208
188,1985,Male,94,0.36750246
189,1985,Female,94,0.35101913
190,1985,Male,95,0.39233408
191,1985,Female,95,0.37686142
192,1985,Male,96,0.41513307
193,1985,Female,96,0.40105507
194,1985,Male,97,0.43724972
195,1985,Female,97,0.42483217
196,1985,Male,98,0.45856655
197,1985,Female,98,0.44800507
198,1985,Male,99,0.48562869
199,1985,Female,99,0.47716347
200,1985,Male,100,0.53980083
201,1985,Female,100,0.53663882
202,1995,Male,0,0.06399240378511249
203,1995,Female,0,0.051714295991674576
204,1995,Male,1,0.009350419536980348
205,1995,Female,1,0.008642234362785847
206,1995,Male,2,0.005823722082445325
207,1995,Female,2,0.005269741398631583
208,1995,Male,3,0.004027607070132849
209,1995,Female,3,0.003606599268098574
210,1995,Male,4,0.0028811139396027214
211,1995,Female,4,0.0025812552555528234
212,1995,Male,5,0.0021967205461124106
213,1995,Female,5,0.0019621459749262177
214,1995,Male,6,0.001836075226431806
215,1995,Female,6,0.0016149985299911916
216,1995,Male,7,0.0015877941409224137
217,1995,Female,7,0.0013766753110876111
218,1995,Male,8,0.0014051495360360529
219,1995,Female,8,0.0012093167556108564
220,1995,Male,9,0.0012852805406203605
221,1995,Female,9,0.0011038672081477555
222,1995,Male,10,0.0012164513344666032
223,1995,Female,10,0.0010489534333960934
224,1995,Male,11,0.0011902163646407091
225,1995,Female,11,0.0010287129840307462
226,1995,Male,12,0.0012144694146657327
227,1995,Female,12,0.0010493484883697035
228,1995,Male,13,0.0012837387973042196
229,1995,Female,13,0.001106277850236958
230,1995,Male,14,0.0014098426316642505
231,1995,Female,14,0.0011988639498118046
232,1995,Male,15,0.001580922462433239
233,1995,Female,15,0.0013238139057089543
234,1995,Male,16,0.001813706739659496
235,1995,Female,16,0.0014646829341812546
236,1995,Male,17,0.0020725883513200254
237,1995,Female,17,0.001593772207484809
238,1995,Male,18,0.002346413051898731
239,1995,Female,18,0.0017342737818599305
240,1995,Male,19,0.0025778410998525854
241,1995,Female,19,0.0018536671351921034
242,1995,Male,20,0.0027947901343430477
243,1995,Female,20,0.00197117296903782
244,1995,Male,21,0.002982943787443861
245,1995,Female,21,0.002072109148805223
246,1995,Male,22,0.0031432205133294523
247,1995,Female,22,0.0021849527731677286
248,1995,Male,23,0.003268621053080875
249,1995,Female,23,0.0022939759658749223
250,1995,Male,24,0.003373620815520054
251,1995,Female,24,0.0024062451697667423
252,1995,Male,25,0.0034678561034813295
253,1995,Female,25,0.0025185231888160448
254,1995,Male,26,0.0035621007591994545
255,1995,Female,26,0.002636096750854124
256,1995,Male,27,0.0036712679977716264
257,1995,Female,27,0.002754145156354921
258,1995,Male,28,0.0037979452586594624
259,1995,Female,28,0.002880654337788447
260,1995,Male,29,0.003934348535585468
261,1995,Female,29,0.0030003641397077356
262,1995,Male,30,0.004120914225284032
263,1995,Female,30,0.0031558155340590385
264,1995,Male,31,0.0042587702308092825
265,1995,Female,31,0.0032558418793214292
266,1995,Male,32,0.004498453865286523
267,1995,Female,32,0.003444547420848538
268,1995,Male,33,0.004715790822578344
269,1995,Female,33,0.003610193711095383
270,1995,Male,34,0.004958814444937689
271,1995,Female,34,0.003793212467232573
272,1995,Male,35,0.0052470682392477715
273,1995,Female,35,0.00400158904222072
274,1995,Male,36,0.0055205620076467085
275,1995,Female,36,0.004207620307717482
276,1995,Male,37,0.0058175297777734725
277,1995,Female,37,0.0044106466942968854
278,1995,Male,38,0.006158769229138248
279,1995,Female,38,0.004676226219960173
280,1995,Male,39,0.006482661671918591
281,1995,Female,39,0.004902251236468527
282,1995,Male,40,0.006910307444078138
283,1995,Female,40,0.005205170436812873
284,1995,Male,41,0.007199587050816496
285,1995,Female,41,0.005391241564756436
286,1995,Male,42,0.007695563810904611
287,1995,Female,42,0.0057400002514959225
288,1995,Male,43,0.008084783126923983
289,1995,Female,43,0.005983557463576984
290,1995,Male,44,0.008566262519853086
291,1995,Female,44,0.006281178231819292
292,1995,Male,45,0.009143209358935114
293,1995,Female,45,0.006643718677219691
294,1995,Male,46,0.009650606696543775
295,1995,Female,46,0.006977432044789912
296,1995,Male,47,0.010284904264355441
297,1995,Female,47,0.00737960905465264
298,1995,Male,48,0.011026651192175576
299,1995,Female,48,0.007899765694718086
300,1995,Male,49,0.011784608746963274
301,1995,Female,49,0.008411890275784518
302,1995,Male,50,0.012742122224348252
303,1995,Female,50,0.009110300793769987
304,1995,Male,51,0.013427091541927295
305,1995,Female,51,0.009557159761684343
306,1995,Male,52,0.014482465930651008
307,1995,Female,52,0.010348065901539473
308,1995,Male,53,0.015374475346764513
309,1995,Female,53,0.010951816155685797
310,1995,Male,54,0.016385265609847214
311,1995,Female,54,0.011690144836201203
312,1995,Male,55,0.01742135844987463
313,1995,Female,55,0.012432302546825194
314,1995,Male,56,0.01857751065093936
315,1995,Female,56,0.013302429408523882
316,1995,Male,57,0.019807281395420418
317,1995,Female,57,0.014190616591105208
318,1995,Male,58,0.02136904000700322
319,1995,Female,58,0.015390812940343782
320,1995,Male,59,0.022990262570698014
321,1995,Female,59,0.016600547519583488
322,1995,Male,60,0.025174173589860786
323,1995,Female,60,0.018371442649557763
324,1995,Male,61,0.026833378420924276
325,1995,Female,61,0.01959901438477672
326,1995,Male,62,0.029358513844990552
327,1995,Female,62,0.021667172623527683
328,1995,Male,63,0.03171610821979705
329,1995,Female,63,0.023581894934285783
330,1995,Male,64,0.03429389177015982
331,1995,Female,64,0.025741405477942243
332,1995,Male,65,0.037162524733043684
333,1995,Female,65,0.028205799120539287
334,1995,Male,66,0.03963482267125538
335,1995,Female,66,0.030377615814468958
336,1995,Male,67,0.04270755753717504
337,1995,Female,67,0.0330821489663986
338,1995,Male,68,0.04615932170854352
339,1995,Female,68,0.0362425013341618
340,1995,Male,69,0.049729817324879945
341,1995,Female,69,0.039408393653726656
342,1995,Male,70,0.054514834190214405
343,1995,Female,70,0.0440258911086827
344,1995,Male,71,0.05818459811405438
345,1995,Female,71,0.04720643603085692
346,1995,Male,72,0.06395145653005271
347,1995,Female,72,0.05255734974146366
348,1995,Male,73,0.0691960955185592
349,1995,Female,73,0.05732064344104931
350,1995,Male,74,0.07511474309738143
351,1995,Female,74,0.0628212612743663
352,1995,Male,75,0.08155832444457915
353,1995,Female,75,0.0688589529603355
354,1995,Male,76,0.08823689354121253
355,1995,Female,76,0.07492752411627976
356,1995,Male,77,0.09532740874506161
357,1995,Female,77,0.0813777067680051
358,1995,Male,78,0.10402511840997837
359,1995,Female,78,0.08958230466129366
360,1995,Male,79,0.11225856024883442
361,1995,Female,79,0.09708082965068936
362,1995,Male,80,0.12262792005973769
363,1995,Female,80,0.10713519171107391
364,1995,Male,81,0.13181207877438525
365,1995,Female,81,0.11522851307764388
366,1995,Male,82,0.14552673995980459
367,1995,Female,82,0.12851848755689532
368,1995,Male,83,0.15838325934749928
369,1995,Female,83,0.1408982287134977
370,1995,Male,84,0.17327012158149227
371,1995,Female,84,0.15517069989569074
372,1995,Male,85,0.1870930938876949
373,1995,Female,85,0.16913087394887158
374,1995,Male,86,0.2029926373835524
375,1995,Female,86,0.1845147621297888
376,1995,Male,87,0.21883587562185877
377,1995,Female,87,0.19976319357362227
378,1995,Male,88,0.23603925252184826
379,1995,Female,88,0.21674085321744596
380,1995,Male,89,0.25319177023016043
381,1995,Female,89,0.23357860493622543
382,1995,Male,90,0.2737323498966313
383,1995,Female,90,0.2554501358768284
384,1995,Male,91,0.2903606676859131
385,1995,Female,91,0.2707979337796834
386,1995,Male,92,0.31321847810610987
387,1995,Female,92,0.29421753597791767
388,1995,Male,93,0.3347752007496516
389,1995,Female,93,0.31610415908838546
390,1995,Male,94,0.3576579081886414
391,1995,Female,94,0.3398938124224855
392,1995,Male,95,0.3819498341425986
393,1995,Female,95,0.3656872729224447
394,1995,Male,96,0.40489628159018426
395,1995,Female,96,0.39001536010405524
396,1995,Male,97,0.42725087547287416
397,1995,Female,97,0.4139454648901346
398,1995,Male,98,0.44889616069728905
399,1995,Female,98,0.43728055815795047
400,1995,Male,99,0.4760730708773604
401,1995,Female,99,0.4668905987713362
402,1995,Male,100,0.5351634841113062
403,1995,Female,100,0.5258592036821533
404,2005,Male,0,0.05609693130901102
405,2005,Female,0,0.0445902639202336
406,2005,Male,1,0.007752092340021756
407,2005,Female,1,0.007267914517134507
408,2005,Male,2,0.004898428448765325
409,2005,Female,2,0.00444849492334149
410,2005,Male,3,0.00340467723047787
411,2005,Female,3,0.003045631772452385
412,2005,Male,4,0.0024574554320619334
413,2005,Female,4,0.0021861918274110968
414,2005,Male,5,0.0018753448694460192
415,2005,Female,5,0.0016636060023157116
416,2005,Male,6,0.0015759032522048497
417,2005,Female,6,0.0013716934628515514
418,2005,Male,7,0.0013738312411162173
419,2005,Female,7,0.0011747056857126226
420,2005,Male,8,0.0012214473538938537
421,2005,Female,8,0.0010350895803585398
422,2005,Male,9,0.0011207840778993214
423,2005,Female,9,0.0009481782348916216
424,2005,Male,10,0.0010674894309086588
425,2005,Female,10,0.0009031686780709148
426,2005,Male,11,0.0010555605191002917
427,2005,Female,11,0.000887838652544124
428,2005,Male,12,0.0010833885156995545
429,2005,Female,12,0.000909831152020048
430,2005,Male,13,0.001152783913837088
431,2005,Female,13,0.0009660580825866573
432,2005,Male,14,0.0012779314542893216
433,2005,Female,14,0.0010537127808141896
434,2005,Male,15,0.0014497443877944396
435,2005,Female,15,0.0011733126611510273
436,2005,Male,16,0.001675725089776766
437,2005,Female,16,0.0013045437449417496
438,2005,Male,17,0.0019333104433266427
439,2005,Female,17,0.0014293326033272776
440,2005,Male,18,0.002206984631158968
441,2005,Female,18,0.0015635734636681798
442,2005,Male,19,0.0024301127191271687
443,2005,Female,19,0.0016792010048045237
444,2005,Male,20,0.002642229072520175
445,2005,Female,20,0.0017932492783502355
446,2005,Male,21,0.002830687136833136
447,2005,Female,21,0.0018884831146171073
448,2005,Male,22,0.0029973864039607016
449,2005,Female,22,0.0019992372529118825
450,2005,Male,23,0.0031340227599423705
451,2005,Female,23,0.0021072567042061605
452,2005,Male,24,0.0032525391179466768
453,2005,Female,24,0.0022186263778344005
454,2005,Male,25,0.0033658816750592557
455,2005,Female,25,0.0023303424272031093
456,2005,Male,26,0.0034768136333640227
457,2005,Female,26,0.002449878221826309
458,2005,Male,27,0.003606296529270828
459,2005,Female,27,0.0025705875818074608
460,2005,Male,28,0.0037503154266763125
461,2005,Female,28,0.0026960578233203255
462,2005,Male,29,0.00390421957708471
463,2005,Female,29,0.0028207812829697974
464,2005,Male,30,0.004106866501446987
465,2005,Female,30,0.002972887070151745
466,2005,Male,31,0.004263776339300755
467,2005,Female,31,0.003077373773650603
468,2005,Male,32,0.004516207521946286
469,2005,Female,32,0.003264989607668266
470,2005,Male,33,0.004752616996808071
471,2005,Female,33,0.0034315296437308295
472,2005,Male,34,0.005019379687061936
473,2005,Female,34,0.003615772591966706
474,2005,Male,35,0.005326707149553017
475,2005,Female,35,0.0038283934143720807
476,2005,Male,36,0.005620542509215967
477,2005,Female,36,0.0040346739624876555
478,2005,Male,37,0.005943217616170174
479,2005,Female,37,0.004240500360080403
480,2005,Male,38,0.006301407195745091
481,2005,Female,38,0.004502672035499661
482,2005,Male,39,0.00664760604202947
483,2005,Female,39,0.004731942131820842
484,2005,Male,40,0.007092747628195184
485,2005,Female,40,0.0050293288627534195
486,2005,Male,41,0.007407531525961433
487,2005,Female,41,0.005227718153909337
488,2005,Male,42,0.007912452785539516
489,2005,Female,42,0.005567542479835959
490,2005,Male,43,0.008330928880065506
491,2005,Female,43,0.005822471568185241
492,2005,Male,44,0.008835063108807958
493,2005,Female,44,0.0061262637759693815
494,2005,Male,45,0.009435120066782906
495,2005,Female,45,0.006495251010515327
496,2005,Male,46,0.009974458231514733
497,2005,Female,46,0.006837872471805707
498,2005,Male,47,0.01063178620159294
499,2005,Female,47,0.007248760092683074
500,2005,Male,48,0.011390697278111326
501,2005,Female,48,0.007765947272977204
502,2005,Male,49,0.012169138136806163
503,2005,Female,49,0.008279691326184526
504,2005,Male,50,0.013143203973376283
505,2005,Female,50,0.008961473239285433
506,2005,Male,51,0.013853625472505914
507,2005,Female,51,0.00941637442181827
508,2005,Male,52,0.014907871053966631
509,2005,Female,52,0.010185855029231243
510,2005,Male,53,0.015820198643108924
511,2005,Female,53,0.010788659719138618
512,2005,Male,54,0.016847788897278136
513,2005,Female,54,0.011518429581164656
514,2005,Male,55,0.017919261596100557
515,2005,Female,55,0.012259549411960368
516,2005,Male,56,0.01908438362903134
517,2005,Female,56,0.013120832190373603
518,2005,Male,57,0.02034421371532025
519,2005,Female,57,0.014005743471817591
520,2005,Male,58,0.021912603643411393
521,2005,Female,58,0.015175461872191789
522,2005,Male,59,0.023556590317108526
523,2005,Female,59,0.016363431008066576
524,2005,Male,60,0.025757047430466733
525,2005,Female,60,0.01806543859328105
526,2005,Male,61,0.02745087728487611
527,2005,Female,61,0.019299400141820088
528,2005,Male,62,0.029958326895182713
529,2005,Female,62,0.02129651635243917
530,2005,Male,63,0.0323129609052626
531,2005,Female,63,0.023171633676634426
532,2005,Male,64,0.03488754526781506
533,2005,Female,64,0.025286504563906246
534,2005,Male,65,0.03774064525910191
535,2005,Female,65,0.02769983997869905
536,2005,Male,66,0.04003011888058359
537,2005,Female,66,0.029706187458480374
538,2005,Male,67,0.042856613493241096
539,2005,Female,67,0.032201122897595455
540,2005,Male,68,0.04602443871623944
541,2005,Female,68,0.03509726231817943
542,2005,Male,69,0.049303294498945244
543,2005,Female,69,0.038000610506156815
544,2005,Male,70,0.05366195370359993
545,2005,Female,70,0.042179754498549604
546,2005,Male,71,0.057033181641651526
547,2005,Female,71,0.045110549309720235
548,2005,Male,72,0.062251571321689264
549,2005,Female,72,0.049953523829482864
550,2005,Male,73,0.06700743888866205
551,2005,Female,73,0.05427284231306306
552,2005,Male,74,0.07235247396736225
553,2005,Female,74,0.05926174274396195
554,2005,Male,75,0.07816010551532998
555,2005,Female,75,0.06470729829195607
556,2005,Male,76,0.08422026766382021
557,2005,Female,76,0.07024819482079796
558,2005,Male,77,0.0906350864623784
559,2005,Female,77,0.07608334833194191
560,2005,Male,78,0.0985327230478641
561,2005,Female,78,0.08354830497107182
562,2005,Male,79,0.10605569647078818
563,2005,Female,79,0.09038976289443054
564,2005,Male,80,0.11550175625310288
565,2005,Female,80,0.09967366069738143
566,2005,Male,81,0.12456487141880075
567,2005,Female,81,0.10767751742175533
568,2005,Male,82,0.13765519851573746
569,2005,Female,82,0.12038676563432942
570,2005,Male,83,0.15012042629777272
571,2005,Female,83,0.13241298581138977
572,2005,Male,84,0.16448106678641283
573,2005,Female,84,0.14620572941033705
574,2005,Male,85,0.1780671850388931
575,2005,Female,85,0.15983187278506067
576,2005,Male,86,0.193736732001417
577,2005,Female,86,0.17505399951149672
578,2005,Male,87,0.2094052153686932
579,2005,Female,87,0.1900248275766244
580,2005,Male,88,0.22632256110780274
581,2005,Female,88,0.20667141889953203
582,2005,Male,89,0.2434842420883848
583,2005,Female,89,0.223485579700084
584,2005,Male,90,0.2636297344352689
585,2005,Female,90,0.2447655305293699
586,2005,Male,91,0.28081568152948727
587,2005,Female,91,0.2603963878033394
588,2005,Male,92,0.3035396974433374
589,2005,Female,92,0.28351614848648665
590,2005,Male,93,0.3252183015442472
591,2005,Female,93,0.3054013208577174
592,2005,Male,94,0.34807706944294914
593,2005,Female,94,0.32912110437710845
594,2005,Male,95,0.37184043711308123
595,2005,Female,95,0.35484444541299703
596,2005,Male,96,0.3949119226891701
597,2005,Female,96,0.37927953664093034
598,2005,Male,97,0.4174806803588975
599,2005,Female,97,0.40333774135586226
600,2005,Male,98,0.43942970347219246
601,2005,Female,98,0.42681277366554954
602,2005,Male,99,0.46670547577121163
603,2005,Female,99,0.4568388925938878
604,2005,Male,100,0.5305659769477428
605,2005,Female,100,0.5152961205773904
606,2015,Male,0,0.04917561329396419
607,2015,Female,0,0.03844762068879718
608,2015,Male,1,0.0064269774645460635
609,2015,Female,1,0.006112144060317635
610,2015,Male,2,0.0041201487516036
611,2015,Female,2,0.0037552330533968357
612,2015,Male,3,0.0028780928332594537
613,2015,Female,3,0.002571916701536338
614,2015,Male,4,0.002096094540920318
615,2015,Female,4,0.0018515932106898379
616,2015,Male,5,0.001600985790195973
617,2015,Female,5,0.001410488804761293
618,2015,Male,6,0.0013525976629705692
619,2015,Female,6,0.001165043138485051
620,2015,Male,7,0.0011887008714936132
621,2015,Female,7,0.0010023666705807172
622,2015,Male,8,0.0010617614709841218
623,2015,Female,8,0.0008859634453883182
624,2015,Male,9,0.0009773406735515717
625,2015,Female,9,0.000814447569858286
626,2015,Male,10,0.0009367688232274084
627,2015,Female,10,0.0007776452558121738
628,2015,Male,11,0.0009361390437776612
629,2015,Female,11,0.000766255977311361
630,2015,Male,12,0.0009664555251667143
631,2015,Female,12,0.0007888635037462243
632,2015,Male,13,0.0010351878082926168
633,2015,Female,13,0.0008436110500911767
634,2015,Male,14,0.0011583624761965206
635,2015,Female,14,0.0009261356341772272
636,2015,Male,15,0.001329450899639063
637,2015,Female,15,0.0010399215440179616
638,2015,Male,16,0.0015482406913449153
639,2015,Female,16,0.0011619131641060314
640,2015,Male,17,0.0018033920087871446
641,2015,Female,17,0.0012818592778440089
642,2015,Male,18,0.0020758413179769934
643,2015,Female,18,0.0014096747594635314
644,2015,Male,19,0.002290850211055034
645,2015,Female,19,0.0015211555305717271
646,2015,Male,20,0.0024979959625168356
647,2015,Female,20,0.0016313854871261397
648,2015,Male,21,0.002686202033159632
649,2015,Female,21,0.0017211296404199045
650,2015,Male,22,0.0028583184719457783
651,2015,Female,22,0.0018293070873270664
652,2015,Male,23,0.0030049670794902506
653,2015,Female,23,0.0019357355453932072
654,2015,Male,24,0.0031358031303060294
655,2015,Female,24,0.0020456365237710846
656,2015,Male,25,0.0032669058670359834
657,2015,Female,25,0.002156222286194532
658,2015,Male,26,0.0033935685311334775
659,2015,Female,26,0.0022768144984944734
660,2015,Male,27,0.0035424748792310416
661,2015,Female,27,0.0023992637063793105
662,2015,Male,28,0.0037032829179140694
663,2015,Female,28,0.0025232905216483288
664,2015,Male,29,0.0038743213439841368
665,2015,Female,29,0.002651947122367551
666,2015,Male,30,0.004092866664688924
667,2015,Female,30,0.002800562148354672
668,2015,Male,31,0.004268788332383523
669,2015,Female,31,0.002908688349670809
670,2015,Male,32,0.0045340312454188285
671,2015,Female,32,0.003094791807382268
672,2015,Male,33,0.004789730751034321
673,2015,Female,33,0.003261707442349567
674,2015,Male,34,0.005080684652076472
675,2015,Female,34,0.0034466330451444357
676,2015,Male,35,0.005407554802673377
677,2015,Female,35,0.0036626939899539763
678,2015,Male,36,0.005722333714239
679,2015,Female,36,0.0038688362525768193
680,2015,Male,37,0.0060716209426390205
681,2015,Female,37,0.0040769176381987605
682,2015,Male,38,0.006447348677837049
683,2015,Female,38,0.004335559167931643
684,2015,Male,39,0.006816747244646529
685,2015,Female,39,0.004567549735584621
686,2015,Male,40,0.007280004446166798
687,2015,Female,40,0.004859427585854854
688,2015,Male,41,0.007621482026790627
689,2015,Female,41,0.0050691546220759795
690,2015,Male,42,0.008135454480239383
691,2015,Female,42,0.005400266185824572
692,2015,Male,43,0.008584568678605457
693,2015,Female,43,0.005665722334696074
694,2015,Male,44,0.009112298386339679
695,2015,Female,44,0.005975170018680398
696,2015,Male,45,0.009736350462938283
697,2015,Female,45,0.006350101161606623
698,2015,Male,46,0.01030917745802063
699,2015,Female,46,0.006701104308940079
700,2015,Male,47,0.01099036752613526
701,2015,Female,47,0.007120231233407522
702,2015,Male,48,0.011766762385087587
703,2015,Female,48,0.007634395674163631
704,2015,Male,49,0.012566214642537907
705,2015,Female,49,0.008149569978847804
706,2015,Male,50,0.013556910508650358
707,2015,Female,50,0.008815076959187457
708,2015,Male,51,0.014293708963938181
709,2015,Female,51,0.009277662973402745
710,2015,Male,52,0.015345771944219303
711,2015,Female,52,0.010026186889772344
712,2015,Male,53,0.01627884395808638
713,2015,Female,53,0.01062793393175577
714,2015,Male,54,0.0173233682923432
715,2015,Female,54,0.011349236632671404
716,2015,Male,55,0.01843139483487266
717,2015,Female,55,0.012089196769320793
718,2015,Male,56,0.01960508624343718
719,2015,Female,56,0.012941714034402644
720,2015,Male,57,0.020895701102641908
721,2015,Female,57,0.013823278850428278
722,2015,Male,58,0.02246999389190548
723,2015,Female,58,0.014963124035552269
724,2015,Male,59,0.02413686862695293
725,2015,Female,59,0.016129701387251158
726,2015,Male,60,0.0263534169241812
727,2015,Female,60,0.017764531495596196
728,2015,Male,61,0.028082586243472013
729,2015,Female,61,0.01900436616462683
730,2015,Male,62,0.030570394506252173
731,2015,Female,62,0.02093220082888077
732,2015,Male,63,0.0329210455213824
733,2015,Female,63,0.02276850985641117
734,2015,Male,64,0.03549147536159532
735,2015,Female,64,0.024839642637553627
736,2015,Male,65,0.03832775934372622
737,2015,Female,65,0.02720295679503739
738,2015,Male,66,0.040429357559754665
739,2015,Female,66,0.029049599504713575
740,2015,Male,67,0.04300618967755993
741,2015,Female,67,0.03134355984308134
742,2015,Male,68,0.04588994986797686
743,2015,Female,68,0.03398821209589084
744,2015,Male,69,0.0488804298750879
745,2015,Female,69,0.03664311749240963
746,2015,Male,70,0.05282241646814368
747,2015,Female,70,0.04041103188952919
748,2015,Male,71,0.055904550578719445
749,2015,Female,71,0.043107716449819033
750,2015,Male,72,0.06059687053723731
751,2015,Female,72,0.047478698131806114
752,2015,Male,73,0.06488800896596122
753,2015,Female,73,0.05138709609510772
754,2015,Male,74,0.06969178450642038
755,2015,Female,74,0.05590391026556086
756,2015,Male,75,0.07490347718360404
757,2015,Female,75,0.06080595583055147
758,2015,Male,76,0.0803864823510881
759,2015,Female,76,0.06586109622309788
760,2015,Male,77,0.08617373540501663
761,2015,Female,77,0.07113343596548134
762,2015,Male,78,0.09333031925004572
763,2015,Female,78,0.07792073769402867
764,2015,Male,79,0.10019557287187582
765,2015,Female,79,0.08415986210160449
766,2015,Male,80,0.10878970866546828
767,2015,Female,80,0.09273179501661186
768,2015,Male,81,0.11771612537983601
769,2015,Female,81,0.10062134317657805
770,2015,Male,82,0.13020942875268776
771,2015,Female,82,0.11276956035978009
772,2015,Male,83,0.14228866412188046
773,2015,Female,83,0.12443874540920803
774,2015,Male,84,0.15613783313744814
775,2015,Female,84,0.13775870912986923
776,2015,Male,85,0.16947671198760814
777,2015,Female,85,0.15104414091600132
778,2015,Male,86,0.18490287042120127
779,2015,Female,86,0.16607832561069558
780,2015,Male,87,0.20038096632464908
781,2015,Female,87,0.18076120254964675
782,2015,Male,88,0.21700586287720897
783,2015,Female,88,0.19706979443830935
784,2015,Male,89,0.23414890654409248
785,2015,Female,89,0.21382867813393888
786,2015,Male,90,0.253899975303086
787,2015,Female,90,0.23452782567401356
788,2015,Male,91,0.2715844663856866
789,2015,Female,91,0.2503943727879148
790,2015,Male,92,0.29416000129079084
791,2015,Female,92,0.2732039957626608
792,2015,Male,93,0.3159342251830013
793,2015,Female,93,0.2950608655407134
794,2015,Male,94,0.3387528794920112
795,2015,Female,94,0.3186898301395544
796,2015,Male,95,0.36199861424950075
797,2015,Female,95,0.34432311366537915
798,2015,Male,96,0.3851737686242999
799,2015,Female,96,0.36883923462957763
800,2015,Male,97,0.40793390599849927
801,2015,Female,97,0.3930018502442723
802,2015,Male,98,0.43016287774373285
803,2015,Female,98,0.41659557088810284
804,2015,Male,99,0.4575222049703864
805,2015,Female,99,0.44700358999651507
806,2015,Male,100,0.5260079662609504
807,2015,Female,100,0.5049452211215906
808,2025,Male,0,0.043108257197110846
809,2025,Female,0,0.03315117262535098
810,2025,Male,1,0.0053283729757103255
811,2025,Female,1,0.0051401684659336455
812,2025,Male,2,0.0034655248949526903
813,2025,Female,2,0.0031700104256231405
814,2025,Male,3,0.002432952610810862
815,2025,Female,3,0.0021718828846847955
816,2025,Male,4,0.0017878706027191283
817,2025,Female,4,0.001568205211860404
818,2025,Male,5,0.0013667648773137834
819,2025,Female,5,0.001195883319480465
820,2025,Male,6,0.0011609344896736267
821,2025,Female,6,0.0009895253941864044
822,2025,Male,7,0.0010285177098910824
823,2025,Female,7,0.0008553112107238655
824,2025,Male,8,0.0009229521171522665
825,2025,Female,8,0.000758322024932809
826,2025,Male,9,0.0008522558546411152
827,2025,Female,9,0.0006995782223622625
828,2025,Male,10,0.0008220557532114355
829,2025,Female,10,0.0006695672232332443
830,2025,Male,11,0.0008302283890192454
831,2025,Female,11,0.0006613231143777086
832,2025,Male,12,0.0008621434218565196
833,2025,Female,12,0.0006839792484144973
834,2025,Male,13,0.0009295877445676366
835,2025,Female,13,0.0007366840738295858
836,2025,Male,14,0.0010499809060622366
837,2025,Female,14,0.0008140047539616077
838,2025,Male,15,0.0012191388422892937
839,2025,Female,15,0.0009216953447445167
840,2025,Male,16,0.0014304549433317283
841,2025,Female,16,0.00103487691091813
842,2025,Male,17,0.0016822040912173632
843,2025,Female,17,0.001149601712274472
844,2025,Male,18,0.0019524907951704183
845,2025,Female,18,0.0012709239275566812
846,2025,Male,19,0.0021595684217379976
847,2025,Female,19,0.0013779852093754052
848,2025,Male,20,0.0023616362009061843
849,2025,Female,20,0.0014841319830638708
850,2025,Male,21,0.002549091797910089
851,2025,Female,21,0.0015686066855474944
852,2025,Male,22,0.0027257027910284597
853,2025,Female,22,0.0016738205607518886
854,2025,Male,23,0.002881225772906071
855,2025,Female,23,0.0017781754326463642
856,2025,Male,24,0.003023256881917162
857,2025,Female,24,0.001886134965848036
858,2025,Male,25,0.0031708405031458066
859,2025,Female,25,0.0019951121745923357
860,2025,Male,26,0.003312316560481477
861,2025,Female,26,0.002115976302156849
862,2025,Male,27,0.003479782698989629
863,2025,Female,27,0.0022393581815646326
864,2025,Male,28,0.003656840241373604
865,2025,Female,28,0.0023615943996331034
866,2025,Male,29,0.003844652069405203
867,2025,Female,29,0.002493218308804569
868,2025,Male,30,0.004078914551768293
869,2025,Female,30,0.002638226128918039
870,2025,Male,31,0.004273806216974819
871,2025,Female,31,0.0027492493722900205
872,2025,Male,32,0.004551925312230754
873,2025,Female,32,0.0029334661000285575
874,2025,Male,33,0.00482713433100368
875,2025,Female,33,0.003100289533827807
876,2025,Male,34,0.005142738374700455
877,2025,Female,34,0.0032854055518519677
878,2025,Male,35,0.005489629544655866
879,2025,Female,35,0.003504166320442099
880,2025,Male,36,0.005825968415579884
881,2025,Female,36,0.0037098149908558918
882,2025,Male,37,0.00620279842534999
883,2025,Female,37,0.0039196453289160925
884,2025,Male,38,0.006596670185300103
885,2025,Female,38,0.004174648553222951
886,2025,Male,39,0.006990192063669534
887,2025,Female,39,0.004408868495399639
888,2025,Male,40,0.007472205062750039
889,2025,Female,40,0.004695265930420599
890,2025,Male,41,0.007841612024344833
891,2025,Female,41,0.0049154005296361105
892,2025,Male,42,0.008364741173685773
893,2025,Female,42,0.005238015692449551
894,2025,Male,43,0.008845930682955774
895,2025,Female,43,0.005513193013989936
896,2025,Male,44,0.009398233024380944
897,2025,Female,44,0.005827802728994924
898,2025,Male,45,0.010047198092464892
899,2025,Female,45,0.0062081949869768885
900,2025,Male,46,0.010655129070084942
901,2025,Female,46,0.006567071723617149
902,2025,Male,47,0.011361042826597759
903,2025,Female,47,0.0069939813387349435
904,2025,Male,48,0.01215524332238856
905,2025,Female,48,0.007505072499332619
906,2025,Male,49,0.012976247674001514
907,2025,Female,49,0.008021493582749676
908,2025,Male,50,0.01398363921855362
909,2025,Female,50,0.008671072235729138
910,2025,Male,51,0.014747772440596378
911,2025,Female,51,0.009140994866198977
912,2025,Male,52,0.015796535649624435
913,2025,Female,52,0.009869021624611696
914,2025,Male,53,0.016750785915520493
915,2025,Female,53,0.01046960258255175
916,2025,Male,54,0.017812372342856476
917,2025,Female,54,0.011182528940837325
918,2025,Male,55,0.018958164862825425
919,2025,Female,55,0.011921211262852307
920,2025,Male,56,0.020139995825063955
921,2025,Female,56,0.01276504109786083
922,2025,Male,57,0.021462138113607435
923,2025,Female,57,0.013643191349405732
924,2025,Male,58,0.023041562459606733
925,2025,Female,58,0.014753757268739044
926,2025,Male,59,0.024731441149683953
927,2025,Female,59,0.015899310279955278
928,2025,Male,60,0.026963594544545045
929,2025,Female,60,0.017468636458978646
930,2025,Male,61,0.02872883230426066
931,2025,Female,61,0.01871384243371371
932,2025,Male,62,0.031194967046646656
933,2025,Female,62,0.020574117582869974
934,2025,Male,63,0.033540573437342326
935,2025,Female,63,0.0223723993014889
936,2025,Male,64,0.03610585994724007
937,2025,Female,64,0.024400677634269965
938,2025,Male,65,0.03892400689562426
939,2025,Female,65,0.026714986763884754
940,2025,Male,66,0.040832578028823036
941,2025,Female,66,0.028407523939708672
942,2025,Male,67,0.04315628790580831
943,2025,Female,67,0.03050883494842913
944,2025,Male,68,0.045755854012020376
945,2025,Female,68,0.03291420712540586
946,2025,Male,69,0.048461192077630826
947,2025,Female,69,0.03533411810173394
948,2025,Male,70,0.05199601372968337
949,2025,Female,70,0.03871647708221485
950,2025,Male,71,0.054798254024218236
951,2025,Female,71,0.041193806015516324
952,2025,Male,72,0.058986153135500596
953,2025,Female,72,0.045126481646940636
954,2025,Male,73,0.0628356161255865
955,2025,Female,73,0.04865478815087329
956,2025,Male,74,0.0671289392243902
957,2025,Female,74,0.052736336095993486
958,2025,Male,75,0.07178253991858122
959,2025,Female,75,0.05713983371372814
960,2025,Male,76,0.07672721452959444
961,2025,Female,76,0.06174797810496795
962,2025,Male,77,0.08193198642488447
963,2025,Female,77,0.06650556032549
964,2025,Male,78,0.08840259582681123
965,2025,Female,78,0.07267222674216904
966,2025,Male,79,0.09465925129149991
967,2025,Female,79,0.07835934249803747
968,2025,Male,80,0.10246771214095299
969,2025,Female,80,0.08627340208875098
970,2025,Male,81,0.1112439327123956
971,2025,Female,81,0.09402756438934293
972,2025,Male,82,0.12316640068019617
973,2025,Female,82,0.10563431683483751
974,2025,Male,83,0.13486548391109715
975,2025,Female,83,0.11694473366135448
976,2025,Male,84,0.14821780654253067
977,2025,Female,84,0.12979971453694736
978,2025,Male,85,0.16130066805884075
979,2025,Female,85,0.14273956819446904
980,2025,Male,86,0.17647180860751524
981,2025,Female,86,0.15756286811282338
982,2025,Male,87,0.19174561433202533
983,2025,Female,87,0.17194917508355012
984,2025,Male,88,0.20807269188090896
985,2025,Female,88,0.1879142461340378
986,2025,Male,89,0.2251714935042589
987,2025,Female,89,0.20458905515902698
988,2025,Male,90,0.24452931152474514
989,2025,Female,90,0.22471832899191882
990,2025,Male,91,0.2626567077033165
991,2025,Female,91,0.24077654245804872
992,2025,Male,92,0.2850701476222921
993,2025,Female,92,0.2632669204175565
994,2025,Male,93,0.3069151833338728
995,2025,Female,93,0.28507052336618927
996,2025,Male,94,0.32967846330060396
997,2025,Female,94,0.3085891681926494
998,2025,Male,95,0.3524172834346874
999,2025,Female,95,0.33411374515453834
1000,2025,Male,96,0.37567574821745
1001,2025,Female,96,0.35868631934900824
1002,2025,Male,97,0.39860544329891845
1003,2025,Female,97,0.38293082560590547
1004,2025,Male,98,0.42109147362287763
1005,2025,Female,98,0.40662295130740284
1006,2025,Male,99,0.4485196315621982
1007,2025,Female,99,0.4373800320179786
1008,2025,Male,100,0.5214891127427733
1009,2025,Female,100,0.4948022431215626
1010,2035,Male,0,0.0377895
1011,2035,Female,0,0.02858435
1012,2035,Male,1,0.00441756
1013,2035,Female,1,0.00432276
1014,2035,Male,2,0.00291491
1015,2035,Female,2,0.00267599
1016,2035,Male,3,0.00205666
1017,2035,Female,3,0.00183407
1018,2035,Male,4,0.00152497
1019,2035,Female,4,0.00132819
1020,2035,Male,5,0.00116681
1021,2035,Female,5,0.00101393
1022,2035,Male,6,0.00099643
1023,2035,Female,6,0.00084045
1024,2035,Male,7,0.00088992
1025,2035,Female,7,0.00072983
1026,2035,Male,8,0.00080229
1027,2035,Female,8,0.00064907
1028,2035,Male,9,0.00074318
1029,2035,Female,9,0.00060091
1030,2035,Male,10,0.00072139
1031,2035,Female,10,0.00057651
1032,2035,Male,11,0.0007363
1033,2035,Female,11,0.00057076
1034,2035,Male,12,0.00076909
1035,2035,Female,12,0.00059304
1036,2035,Male,13,0.00083476
1037,2035,Female,13,0.00064331
1038,2035,Male,14,0.00095174
1039,2035,Female,14,0.00071545
1040,2035,Male,15,0.00111798
1041,2035,Female,15,0.00081691
1042,2035,Male,16,0.00132163
1043,2035,Female,16,0.00092173
1044,2035,Male,17,0.00156916
1045,2035,Female,17,0.00103099
1046,2035,Male,18,0.00183647
1047,2035,Female,18,0.00114583
1048,2035,Male,19,0.00203581
1049,2035,Female,19,0.00124829
1050,2035,Male,20,0.00223272
1051,2035,Female,20,0.00135017
1052,2035,Male,21,0.00241898
1053,2035,Female,21,0.0014296
1054,2035,Male,22,0.00259924
1055,2035,Female,22,0.00153155
1056,2035,Male,23,0.00276258
1057,2035,Female,23,0.00163344
1058,2035,Male,24,0.00291475
1059,2035,Female,24,0.00173907
1060,2035,Male,25,0.0030776
1061,2035,Female,25,0.00184604
1062,2035,Male,26,0.00323301
1063,2035,Female,26,0.0019665
1064,2035,Male,27,0.0034182
1065,2035,Female,27,0.00209011
1066,2035,Male,28,0.00361098
1067,2035,Female,28,0.00221026
1068,2035,Male,29,0.00381521
1069,2035,Female,29,0.00234399
1070,2035,Male,30,0.00406501
1071,2035,Female,30,0.0024853
1072,2035,Male,31,0.00427883
1073,2035,Female,31,0.00259855
1074,2035,Male,32,0.00456989
1075,2035,Female,32,0.00278055
1076,2035,Male,33,0.00486483
1077,2035,Female,33,0.00294686
1078,2035,Male,34,0.00520555
1079,2035,Female,34,0.00313172
1080,2035,Male,35,0.00557295
1081,2035,Female,35,0.0033525
1082,2035,Male,36,0.00593148
1083,2035,Female,36,0.00355733
1084,2035,Male,37,0.00633681
1085,2035,Female,37,0.00376844
1086,2035,Male,38,0.00674945
1087,2035,Female,38,0.00401971
1088,2035,Male,39,0.00716805
1089,2035,Female,39,0.0042557
1090,2035,Male,40,0.00766948
1091,2035,Female,40,0.00453665
1092,2035,Male,41,0.0080681
1093,2035,Female,41,0.00476631
1094,2035,Male,42,0.00860049
1095,2035,Female,42,0.00508064
1096,2035,Male,43,0.00911525
1097,2035,Female,43,0.00536477
1098,2035,Male,44,0.00969314
1099,2035,Female,44,0.00568407
1100,2035,Male,45,0.01036797
1101,2035,Female,45,0.00606946
1102,2035,Male,46,0.01101269
1103,2035,Female,46,0.00643572
1104,2035,Male,47,0.01174422
1105,2035,Female,47,0.00686997
1106,2035,Male,48,0.01255655
1107,2035,Female,48,0.00737794
1108,2035,Male,49,0.01339966
1109,2035,Female,49,0.00789543
1110,2035,Male,50,0.0144238
1111,2035,Female,50,0.00852942
1112,2035,Male,51,0.01521626
1113,2035,Female,51,0.00900634
1114,2035,Male,52,0.01626054
1115,2035,Female,52,0.00971432
1116,2035,Male,53,0.01723641
1117,2035,Female,53,0.01031363
1118,2035,Male,54,0.01831518
1119,2035,Female,54,0.01101827
1120,2035,Male,55,0.01949999
1121,2035,Female,55,0.01175556
1122,2035,Male,56,0.0206895
1123,2035,Female,56,0.01259078
1124,2035,Male,57,0.02204393
1125,2035,Female,57,0.01346545
1126,2035,Male,58,0.02362767
1127,2035,Female,58,0.01454732
1128,2035,Male,59,0.02534066
1129,2035,Female,59,0.01567221
1130,2035,Male,60,0.0275879
1131,2035,Female,60,0.01717767
1132,2035,Male,61,0.02938995
1133,2035,Female,61,0.01842776
1134,2035,Male,62,0.0318323
1135,2035,Female,62,0.02022216
1136,2035,Male,63,0.03417176
1137,2035,Female,63,0.02198318
1138,2035,Male,64,0.03673088
1139,2035,Female,64,0.02396947
1140,2035,Male,65,0.03952953
1141,2035,Female,65,0.02623577
1142,2035,Male,66,0.04123982
1143,2035,Female,66,0.02777964
1144,2035,Male,67,0.04330691
1145,2035,Female,67,0.02969634
1146,2035,Male,68,0.04562215
1147,2035,Female,68,0.03187414
1148,2035,Male,69,0.04804555
1149,2035,Female,69,0.03407188
1150,2035,Male,70,0.05118254
1151,2035,Female,70,0.03709298
1152,2035,Male,71,0.05371385
1153,2035,Female,71,0.03936487
1154,2035,Male,72,0.05741825
1155,2035,Female,72,0.0428908
1156,2035,Male,73,0.06084814
1157,2035,Female,73,0.04606776
1158,2035,Male,74,0.06466034
1159,2035,Female,74,0.04974824
1160,2035,Male,75,0.06879164
1161,2035,Female,75,0.05369475
1162,2035,Male,76,0.07323452
1163,2035,Female,76,0.05789173
1164,2035,Male,77,0.07789903
1165,2035,Female,77,0.06217877
1166,2035,Male,78,0.08373505
1167,2035,Female,78,0.06777724
1168,2035,Male,79,0.08942884
1169,2035,Female,79,0.07295861
1170,2035,Male,80,0.0965131
1171,2035,Female,80,0.08026481
1172,2035,Male,81,0.10512759
1173,2035,Female,81,0.08786588
1174,2035,Male,82,0.11650433
1175,2035,Female,82,0.09895054
1176,2035,Male,83,0.12782957
1177,2035,Female,83,0.10990203
1178,2035,Male,84,0.14069952
1179,2035,Female,84,0.12230055
1180,2035,Male,85,0.15351906
1181,2035,Female,85,0.13489159
1182,2035,Male,86,0.16842518
1183,2035,Female,86,0.14948403
1184,2035,Male,87,0.1834824
1185,2035,Female,87,0.16356673
1186,2035,Male,88,0.19950726
1187,2035,Female,88,0.17918405
1188,2035,Male,89,0.21653828
1189,2035,Female,89,0.19574868
1190,2035,Male,90,0.23550449
1191,2035,Female,90,0.21531913
1192,2035,Male,91,0.25402243
1193,2035,Female,91,0.23152814
1194,2035,Male,92,0.27626118
1195,2035,Female,92,0.25369128
1196,2035,Male,93,0.29815361
1197,2035,Female,93,0.27541844
1198,2035,Male,94,0.32084713
1199,2035,Female,94,0.29880864
1200,2035,Male,95,0.34308955
1201,2035,Female,95,0.32420709
1202,2035,Male,96,0.36641194
1203,2035,Female,96,0.34881288
1204,2035,Male,97,0.3894903
1205,2035,Female,97,0.37311788
1206,2035,Male,98,0.41221137
1207,2035,Female,98,0.39688906
1208,2035,Male,99,0.4396942
1209,2035,Female,99,0.42796366
1210,2035,Male,100,0.51700908
1211,2035,Female,100,0.48486301
1212,2045,Male,0,0.03456536
1213,2045,Female,0,0.02411138
1214,2045,Male,1,0.00393312
1215,2045,Female,1,0.00346279
1216,2045,Male,2,0.00262936
1217,2045,Female,2,0.00216891
1218,2045,Male,3,0.00186985
1219,2045,Female,3,0.00149691
1220,2045,Male,4,0.00139228
1221,2045,Female,4,0.00108881
1222,2045,Male,5,0.00106862
1223,2045,Female,5,0.00083298
1224,2045,Male,6,0.0009072
1225,2045,Female,6,0.00068949
1226,2045,Male,7,0.00080499
1227,2045,Female,7,0.00059757
1228,2045,Male,8,0.00072369
1229,2045,Female,8,0.00053121
1230,2045,Male,9,0.00066976
1231,2045,Female,9,0.00049179
1232,2045,Male,10,0.00064947
1233,2045,Female,10,0.00047216
1234,2045,Male,11,0.00066202
1235,2045,Female,11,0.0004684
1236,2045,Male,12,0.00069186
1237,2045,Female,12,0.00048729
1238,2045,Male,13,0.00075114
1239,2045,Female,13,0.00052884
1240,2045,Male,14,0.00085478
1241,2045,Female,14,0.00058833
1242,2045,Male,15,0.00100108
1243,2045,Female,15,0.00067133
1244,2045,Male,16,0.00118045
1245,2045,Female,16,0.00075821
1246,2045,Male,17,0.0013971
1247,2045,Female,17,0.00084904
1248,2045,Male,18,0.00163044
1249,2045,Female,18,0.00094424
1250,2045,Male,19,0.00180783
1251,2045,Female,19,0.00102962
1252,2045,Male,20,0.00198129
1253,2045,Female,20,0.00111403
1254,2045,Male,21,0.00214435
1255,2045,Female,21,0.00118162
1256,2045,Male,22,0.00229957
1257,2045,Female,22,0.00126622
1258,2045,Male,23,0.00243823
1259,2045,Female,23,0.00135076
1260,2045,Male,24,0.00256577
1261,2045,Female,24,0.00143834
1262,2045,Male,25,0.00270114
1263,2045,Female,25,0.00152726
1264,2045,Male,26,0.00283238
1265,2045,Female,26,0.00162849
1266,2045,Male,27,0.00298957
1267,2045,Female,27,0.00173283
1268,2045,Male,28,0.00315512
1269,2045,Female,28,0.00183522
1270,2045,Male,29,0.00333263
1271,2045,Female,29,0.00194911
1272,2045,Male,30,0.00355039
1273,2045,Female,30,0.00207
1274,2045,Male,31,0.00374287
1275,2045,Female,31,0.00217179
1276,2045,Male,32,0.00400206
1277,2045,Female,32,0.00232946
1278,2045,Male,33,0.00426702
1279,2045,Female,33,0.00247664
1280,2045,Male,34,0.00457281
1281,2045,Female,34,0.00264058
1282,2045,Male,35,0.00490373
1283,2045,Female,35,0.00283537
1284,2045,Male,36,0.00523189
1285,2045,Female,36,0.00302101
1286,2045,Male,37,0.00560297
1287,2045,Female,37,0.00321404
1288,2045,Male,38,0.0059841
1289,2045,Female,38,0.00344209
1290,2045,Male,39,0.00637443
1291,2045,Female,39,0.00366045
1292,2045,Male,40,0.00683986
1293,2045,Female,40,0.00391865
1294,2045,Male,41,0.00722258
1295,2045,Female,41,0.00413828
1296,2045,Male,42,0.00772498
1297,2045,Female,42,0.00443162
1298,2045,Male,43,0.00821798
1299,2045,Female,43,0.00470437
1300,2045,Male,44,0.00877142
1301,2045,Female,44,0.00501101
1302,2045,Male,45,0.00941527
1303,2045,Female,45,0.00537799
1304,2045,Male,46,0.01003751
1305,2045,Female,46,0.00573203
1306,2045,Male,47,0.01074213
1307,2045,Female,47,0.00614836
1308,2045,Male,48,0.01152473
1309,2045,Female,48,0.00663248
1310,2045,Male,49,0.01234237
1311,2045,Female,49,0.00713025
1312,2045,Male,50,0.01332789
1313,2045,Female,50,0.00773372
1314,2045,Male,51,0.01411336
1315,2045,Female,51,0.00820351
1316,2045,Male,52,0.0151305
1317,2045,Female,52,0.00887859
1318,2045,Male,53,0.01609797
1319,2045,Female,53,0.00946683
1320,2045,Male,54,0.01716806
1321,2045,Female,54,0.01015416
1322,2045,Male,55,0.01834464
1323,2045,Female,55,0.01087874
1324,2045,Male,56,0.01952847
1325,2045,Female,56,0.01169032
1326,2045,Male,57,0.02087154
1327,2045,Female,57,0.01254654
1328,2045,Male,58,0.02243257
1329,2045,Female,58,0.01359647
1330,2045,Male,59,0.02412338
1331,2045,Female,59,0.01469754
1332,2045,Male,60,0.0263092
1333,2045,Female,60,0.01615019
1334,2045,Male,61,0.02809906
1335,2045,Female,61,0.01738145
1336,2045,Male,62,0.03048183
1337,2045,Female,62,0.01911265
1338,2045,Male,63,0.03279093
1339,2045,Female,63,0.02083327
1340,2045,Male,64,0.03531918
1341,2045,Female,64,0.02277587
1342,2045,Male,65,0.03808734
1343,2045,Female,65,0.02499273
1344,2045,Male,66,0.03988239
1345,2045,Female,66,0.02657583
1346,2045,Male,67,0.04202553
1347,2045,Female,67,0.02851908
1348,2045,Male,68,0.0444217
1349,2045,Female,68,0.0307259
1350,2045,Male,69,0.04694698
1351,2045,Female,69,0.03298229
1352,2045,Male,70,0.05015461
1353,2045,Female,70,0.03601387
1354,2045,Male,71,0.05283844
1355,2045,Female,71,0.03839454
1356,2045,Male,72,0.05662845
1357,2045,Female,72,0.04194199
1358,2045,Male,73,0.06021131
1359,2045,Female,73,0.04521306
1360,2045,Male,74,0.06418846
1361,2045,Female,74,0.04898254
1362,2045,Male,75,0.06850658
1363,2045,Female,75,0.05304452
1364,2045,Male,76,0.07315586
1365,2045,Female,76,0.05738644
1366,2045,Male,77,0.07806619
1367,2045,Female,77,0.06188185
1368,2045,Male,78,0.08411158
1369,2045,Female,78,0.06765041
1370,2045,Male,79,0.09009923
1371,2045,Female,79,0.07312832
1372,2045,Male,80,0.09743874
1373,2045,Female,80,0.08062826
1374,2045,Male,81,0.1062611
1375,2045,Female,81,0.08847213
1376,2045,Male,82,0.11771085
1377,2045,Female,82,0.0995645
1378,2045,Male,83,0.12921863
1379,2045,Female,83,0.11060695
1380,2045,Male,84,0.14225072
1381,2045,Female,84,0.12303895
1382,2045,Male,85,0.15534393
1383,2045,Female,85,0.13572693
1384,2045,Male,86,0.17044496
1385,2045,Female,86,0.15032651
1386,2045,Male,87,0.1857803
1387,2045,Female,87,0.16457065
1388,2045,Male,88,0.20209208
1389,2045,Female,88,0.18034377
1390,2045,Male,89,0.21941112
1391,2045,Female,89,0.19711152
1392,2045,Male,90,0.23858753
1393,2045,Female,90,0.21675611
1394,2045,Male,91,0.25741649
1395,2045,Female,91,0.23340892
1396,2045,Male,92,0.27974123
1397,2045,Female,92,0.25560582
1398,2045,Male,93,0.30181923
1399,2045,Female,93,0.27747516
1400,2045,Male,94,0.32470357
1401,2045,Female,94,0.30093472
1402,2045,Male,95,0.34723717
1403,2045,Female,95,0.32630582
1404,2045,Male,96,0.37087936
1405,2045,Female,96,0.35109735
1406,2045,Male,97,0.39435095
1407,2045,Female,97,0.37569355
1408,2045,Male,98,0.41753156
1409,2045,Female,98,0.39987515
1410,2045,Male,99,0.445125
1411,2045,Female,99,0.43085424
1412,2045,Male,100,0.52111136
1413,2045,Female,100,0.48795608
1414,2055,Male,0,0.03173995
1415,2055,Female,0,0.02050153
1416,2055,Male,1,0.0034325
1417,2055,Female,1,0.00278571
1418,2055,Male,2,0.00233269
1419,2055,Female,2,0.00176802
1420,2055,Male,3,0.00168015
1421,2055,Female,3,0.00123023
1422,2055,Male,4,0.00126289
1423,2055,Female,4,0.00089981
1424,2055,Male,5,0.00097682
1425,2055,Female,5,0.00069066
1426,2055,Male,6,0.00082788
1427,2055,Female,6,0.00057123
1428,2055,Male,7,0.00073187
1429,2055,Female,7,0.00049436
1430,2055,Male,8,0.00065694
1431,2055,Female,8,0.00043945
1432,2055,Male,9,0.00060764
1433,2055,Female,9,0.00040699
1434,2055,Male,10,0.00058861
1435,2055,Female,10,0.00039117
1436,2055,Male,11,0.00059909
1437,2055,Female,11,0.00038885
1438,2055,Male,12,0.00062641
1439,2055,Female,12,0.00040506
1440,2055,Male,13,0.00068061
1441,2055,Female,13,0.00043982
1442,2055,Male,14,0.00077388
1443,2055,Female,14,0.00048948
1444,2055,Male,15,0.00090485
1445,2055,Female,15,0.00055817
1446,2055,Male,16,0.0010654
1447,2055,Female,16,0.00063079
1448,2055,Male,17,0.00125784
1449,2055,Female,17,0.00070681
1450,2055,Male,18,0.00146415
1451,2055,Female,18,0.00078613
1452,2055,Male,19,0.00162359
1453,2055,Female,19,0.00085747
1454,2055,Male,20,0.00177726
1455,2055,Female,20,0.00092749
1456,2055,Male,21,0.00191987
1457,2055,Female,21,0.00098469
1458,2055,Male,22,0.0020528
1459,2055,Female,22,0.0010547
1460,2055,Male,23,0.00216938
1461,2055,Female,23,0.00112474
1462,2055,Male,24,0.00227497
1463,2055,Female,24,0.00119734
1464,2055,Male,25,0.00238611
1465,2055,Female,25,0.0012713
1466,2055,Male,26,0.00249559
1467,2055,Female,26,0.00135631
1468,2055,Male,27,0.00262769
1469,2055,Female,27,0.00144425
1470,2055,Male,28,0.00276856
1471,2055,Female,28,0.00153123
1472,2055,Male,29,0.00292154
1473,2055,Female,29,0.0016278
1474,2055,Male,30,0.0031101
1475,2055,Female,30,0.00173064
1476,2055,Male,31,0.00328195
1477,2055,Female,31,0.00182098
1478,2055,Male,32,0.00351157
1479,2055,Female,32,0.00195664
1480,2055,Male,33,0.00374847
1481,2055,Female,33,0.00208567
1482,2055,Male,34,0.00402191
1483,2055,Female,34,0.00222971
1484,2055,Male,35,0.004319
1485,2055,Female,35,0.00240018
1486,2055,Male,36,0.0046181
1487,2055,Female,36,0.00256652
1488,2055,Male,37,0.00495646
1489,2055,Female,37,0.00274083
1490,2055,Male,38,0.00530683
1491,2055,Female,38,0.00294561
1492,2055,Male,39,0.00566885
1493,2055,Female,39,0.00314502
1494,2055,Male,40,0.0060989
1495,2055,Female,40,0.00337966
1496,2055,Male,41,0.00646353
1497,2055,Female,41,0.00358613
1498,2055,Male,42,0.00693548
1499,2055,Female,42,0.00385673
1500,2055,Male,43,0.00740535
1501,2055,Female,43,0.00411468
1502,2055,Male,44,0.00793332
1503,2055,Female,44,0.00440513
1504,2055,Male,45,0.00854578
1505,2055,Female,45,0.00475046
1506,2055,Male,46,0.00914401
1507,2055,Female,46,0.00508777
1508,2055,Male,47,0.00981999
1509,2055,Female,47,0.00548146
1510,2055,Male,48,0.01057051
1511,2055,Female,48,0.00593653
1512,2055,Male,49,0.01135891
1513,2055,Female,49,0.00640765
1514,2055,Male,50,0.01230212
1515,2055,Female,50,0.00697342
1516,2055,Male,51,0.01307424
1517,2055,Female,51,0.00742651
1518,2055,Male,52,0.01405902
1519,2055,Female,52,0.00806046
1520,2055,Male,53,0.01501133
1521,2055,Female,53,0.00862699
1522,2055,Male,54,0.01606585
1523,2055,Female,54,0.00928608
1524,2055,Male,55,0.01722686
1525,2055,Female,55,0.00998566
1526,2055,Male,56,0.01839845
1527,2055,Female,56,0.01076215
1528,2055,Male,57,0.01972259
1529,2055,Female,57,0.01158611
1530,2055,Male,58,0.02125195
1531,2055,Female,58,0.01258802
1532,2055,Male,59,0.02290928
1533,2055,Female,59,0.01364568
1534,2055,Male,60,0.02502119
1535,2055,Female,60,0.01502318
1536,2055,Male,61,0.02678634
1537,2055,Female,61,0.01621348
1538,2055,Male,62,0.02909693
1539,2055,Female,62,0.0178578
1540,2055,Male,63,0.03136136
1541,2055,Female,63,0.0195123
1542,2055,Male,64,0.03384363
1543,2055,Female,64,0.02138378
1544,2055,Male,65,0.03656518
1545,2055,Female,65,0.0235213
1546,2055,Male,66,0.03843277
1547,2055,Female,66,0.02511849
1548,2055,Male,67,0.04063919
1549,2055,Female,67,0.02705979
1550,2055,Male,68,0.04310215
1551,2055,Female,68,0.02926261
1552,2055,Male,69,0.04571324
1553,2055,Female,69,0.03153978
1554,2055,Male,70,0.04897293
1555,2055,Female,70,0.03453628
1556,2055,Male,71,0.05179598
1557,2055,Female,71,0.03698652
1558,2055,Male,72,0.05565598
1559,2055,Female,72,0.04050939
1560,2055,Male,73,0.05937465
1561,2055,Female,73,0.04382831
1562,2055,Male,74,0.063498
1563,2055,Female,74,0.04763793
1564,2055,Male,75,0.06798321
1565,2055,Female,75,0.05176467
1566,2055,Male,76,0.07282659
1567,2055,Female,76,0.05620761
1568,2055,Male,77,0.07797178
1569,2055,Female,77,0.06086635
1570,2055,Male,78,0.0842167
1571,2055,Female,78,0.06675286
1572,2055,Male,79,0.09049083
1573,2055,Female,79,0.07247552
1574,2055,Male,80,0.09807936
1575,2055,Female,80,0.08010721
1576,2055,Male,81,0.10711059
1577,2055,Female,81,0.08813887
1578,2055,Male,82,0.11863498
1579,2055,Female,82,0.09917243
1580,2055,Male,83,0.13032944
1581,2055,Female,83,0.11024418
1582,2055,Male,84,0.14352969
1583,2055,Female,84,0.12264742
1584,2055,Male,85,0.15690611
1585,2055,Female,85,0.13537494
1586,2055,Male,86,0.17222051
1587,2055,Female,86,0.14992942
1588,2055,Male,87,0.1878592
1589,2055,Female,87,0.16429255
1590,2055,Male,88,0.20449077
1591,2055,Female,88,0.18018273
1592,2055,Male,89,0.22213875
1593,2055,Female,89,0.19712225
1594,2055,Male,90,0.24157456
1595,2055,Female,90,0.21681261
1596,2055,Male,91,0.26077139
1597,2055,Female,91,0.23390458
1598,2055,Male,92,0.28324745
1599,2055,Female,92,0.25612814
1600,2055,Male,93,0.30558305
1601,2055,Female,93,0.27814811
1602,2055,Male,94,0.32873791
1603,2055,Female,94,0.30169576
1604,2055,Male,95,0.35164999
1605,2055,Female,95,0.32706836
1606,2055,Male,96,0.37572743
1607,2055,Female,96,0.35211385
1608,2055,Male,97,0.39971925
1609,2055,Female,97,0.37708799
1610,2055,Male,98,0.42349724
1611,2055,Female,98,0.40178542
1612,2055,Male,99,0.45135708
1613,2055,Female,99,0.43278523
1614,2055,Male,100,0.5261247
1615,2055,Female,100,0.49005077
1616,2065,Male,0,0.02857958
1617,2065,Female,0,0.016976
1618,2065,Male,1,0.00296623
1619,2065,Female,1,0.0021582
1620,2065,Male,2,0.00205309
1621,2065,Female,2,0.00139501
1622,2065,Male,3,0.00149927
1623,2065,Female,3,0.00098389
1624,2065,Male,4,0.0011386
1625,2065,Female,4,0.0007275
1626,2065,Male,5,0.00088841
1627,2065,Female,5,0.00056307
1628,2065,Male,6,0.00075235
1629,2065,Female,6,0.00046713
1630,2065,Male,7,0.00066337
1631,2065,Female,7,0.00040501
1632,2065,Male,8,0.00059527
1633,2065,Female,8,0.00036099
1634,2065,Male,9,0.00055102
1635,2065,Female,9,0.00033521
1636,2065,Male,10,0.00053397
1637,2065,Female,10,0.00032317
1638,2065,Male,11,0.00054339
1639,2065,Female,11,0.00032237
1640,2065,Male,12,0.00056929
1641,2065,Female,12,0.00033677
1642,2065,Male,13,0.00062002
1643,2065,Female,13,0.0003665
1644,2065,Male,14,0.00070562
1645,2065,Female,14,0.00040884
1646,2065,Male,15,0.00082513
1647,2065,Female,15,0.00046696
1648,2065,Male,16,0.00097124
1649,2065,Female,16,0.00052879
1650,2065,Male,17,0.00114494
1651,2065,Female,17,0.00059371
1652,2065,Male,18,0.00133019
1653,2065,Female,18,0.00066126
1654,2065,Male,19,0.00147572
1655,2065,Female,19,0.00072232
1656,2065,Male,20,0.00161385
1657,2065,Female,20,0.00078199
1658,2065,Male,21,0.00173955
1659,2065,Female,21,0.00083133
1660,2065,Male,22,0.00185433
1661,2065,Female,22,0.00089065
1662,2065,Male,23,0.00195337
1663,2065,Female,23,0.00095029
1664,2065,Male,24,0.00204199
1665,2065,Female,24,0.00101237
1666,2065,Male,25,0.00213485
1667,2065,Female,25,0.00107602
1668,2065,Male,26,0.00222734
1669,2065,Female,26,0.00114918
1670,2065,Male,27,0.00233994
1671,2065,Female,27,0.0012251
1672,2065,Male,28,0.00246164
1673,2065,Female,28,0.0013007
1674,2065,Male,29,0.00259548
1675,2065,Female,29,0.0013844
1676,2065,Male,30,0.00276096
1677,2065,Female,30,0.00147375
1678,2065,Male,31,0.00291526
1679,2065,Female,31,0.00155458
1680,2065,Male,32,0.00311965
1681,2065,Female,32,0.00167292
1682,2065,Male,33,0.00333194
1683,2065,Female,33,0.00178739
1684,2065,Male,34,0.00357679
1685,2065,Female,34,0.00191553
1686,2065,Male,35,0.00384367
1687,2065,Female,35,0.00206676
1688,2065,Male,36,0.00411537
1689,2065,Female,36,0.00221682
1690,2065,Male,37,0.00442326
1691,2065,Female,37,0.0023751
1692,2065,Male,38,0.00474481
1693,2065,Female,38,0.00256021
1694,2065,Male,39,0.00508018
1695,2065,Female,39,0.00274302
1696,2065,Male,40,0.0054779
1697,2065,Female,40,0.00295737
1698,2065,Male,41,0.00582413
1699,2065,Female,41,0.00315105
1700,2065,Male,42,0.0062672
1701,2065,Female,42,0.00340141
1702,2065,Male,43,0.00671398
1703,2065,Female,43,0.00364522
1704,2065,Male,44,0.00721643
1705,2065,Female,44,0.00392036
1706,2065,Male,45,0.00779764
1707,2065,Female,45,0.0042458
1708,2065,Male,46,0.00837041
1709,2065,Female,46,0.00456685
1710,2065,Male,47,0.00901618
1711,2065,Female,47,0.00493883
1712,2065,Male,48,0.00973264
1713,2065,Female,48,0.005366
1714,2065,Male,49,0.01048851
1715,2065,Female,49,0.00581004
1716,2065,Male,50,0.01138674
1717,2065,Female,50,0.00633851
1718,2065,Male,51,0.0121399
1719,2065,Female,51,0.0067718
1720,2065,Male,52,0.0130882
1721,2065,Female,52,0.00736508
1722,2065,Male,53,0.01401884
1723,2065,Female,53,0.00790683
1724,2065,Male,54,0.01505072
1725,2065,Female,54,0.00853529
1726,2065,Male,55,0.0161883
1727,2065,Female,55,0.00920634
1728,2065,Male,56,0.01734103
1729,2065,Female,56,0.00994666
1730,2065,Male,57,0.01863907
1731,2065,Female,57,0.01073549
1732,2065,Male,58,0.02012906
1733,2065,Female,58,0.01168673
1734,2065,Male,59,0.02174348
1735,2065,Female,59,0.01269559
1736,2065,Male,60,0.02377264
1737,2065,Female,60,0.0139941
1738,2065,Male,61,0.02550239
1739,2065,Female,61,0.01513686
1740,2065,Male,62,0.02773156
1741,2065,Female,62,0.01669189
1742,2065,Male,63,0.02993928
1743,2065,Female,63,0.01827539
1744,2065,Male,64,0.03236244
1745,2065,Female,64,0.02007125
1746,2065,Male,65,0.03502287
1747,2065,Female,65,0.02212523
1748,2065,Male,66,0.03694444
1749,2065,Female,66,0.0237255
1750,2065,Male,67,0.03919483
1751,2065,Female,67,0.02565409
1752,2065,Male,68,0.04170344
1753,2065,Female,68,0.02783999
1754,2065,Male,69,0.04437651
1755,2065,Female,69,0.03012032
1756,2065,Male,70,0.04766263
1757,2065,Female,70,0.03306436
1758,2065,Male,71,0.05059499
1759,2065,Female,71,0.03555763
1760,2065,Male,72,0.05449347
1761,2065,Female,72,0.03903241
1762,2065,Male,73,0.05831245
1763,2065,Female,73,0.04236993
1764,2065,Male,74,0.0625434
1765,2065,Female,74,0.04618947
1766,2065,Male,75,0.06715376
1767,2065,Female,75,0.0503481
1768,2065,Male,76,0.07214681
1769,2065,Female,76,0.0548569
1770,2065,Male,77,0.07747904
1771,2065,Female,77,0.05963928
1772,2065,Male,78,0.08387143
1773,2065,Female,78,0.06560136
1774,2065,Male,79,0.09037648
1775,2065,Female,79,0.07151936
1776,2065,Male,80,0.09815286
1777,2065,Female,80,0.07922945
1778,2065,Male,81,0.10733044
1779,2065,Female,81,0.08739537
1780,2065,Male,82,0.11885666
1781,2065,Female,82,0.09831079
1782,2065,Male,83,0.13065975
1783,2065,Female,83,0.10934465
1784,2065,Male,84,0.14394015
1785,2065,Female,84,0.12164303
1786,2065,Male,85,0.15750535
1787,2065,Female,85,0.13432513
1788,2065,Male,86,0.1729385
1789,2065,Female,86,0.14875495
1790,2065,Male,87,0.18877973
1791,2065,Female,87,0.16315243
1792,2065,Male,88,0.20562138
1793,2065,Female,88,0.17906591
1794,2065,Male,89,0.22348068
1795,2065,Female,89,0.19607538
1796,2065,Male,90,0.2430481
1797,2065,Female,90,0.21569482
1798,2065,Male,91,0.26250947
1799,2065,Female,91,0.23314411
1800,2065,Male,92,0.28502205
1801,2065,Female,92,0.25529064
1802,2065,Male,93,0.30750567
1803,2065,Female,93,0.27735639
1804,2065,Male,94,0.33081815
1805,2065,Female,94,0.30087742
1806,2065,Male,95,0.35399213
1807,2065,Female,95,0.32612407
1808,2065,Male,96,0.37839953
1809,2065,Female,96,0.35132964
1810,2065,Male,97,0.40279696
1811,2065,Female,97,0.37658976
1812,2065,Male,98,0.4270501
1813,2065,Female,98,0.40171415
1814,2065,Male,99,0.45502963
1815,2065,Female,99,0.43261351
1816,2065,Male,100,0.52826391
1817,2065,Female,100,0.4901723
1818,2075,Male,0,0.02545393
1819,2075,Female,0,0.0142423
1820,2075,Male,1,0.0024857
1821,2075,Female,1,0.0016815
1822,2075,Male,2,0.00175613
1823,2075,Female,2,0.00111145
1824,2075,Male,3,0.00130365
1825,2075,Female,3,0.00079539
1826,2075,Male,4,0.00100299
1827,2075,Female,4,0.00059444
1828,2075,Male,5,0.00079127
1829,2075,Female,5,0.00046352
1830,2075,Male,6,0.00067107
1831,2075,Female,6,0.00038507
1832,2075,Male,7,0.000591
1833,2075,Female,7,0.00033395
1834,2075,Male,8,0.00053042
1835,2075,Female,8,0.00029819
1836,2075,Male,9,0.0004913
1837,2075,Female,9,0.00027747
1838,2075,Male,10,0.00047617
1839,2075,Female,10,0.00026826
1840,2075,Male,11,0.00048445
1841,2075,Female,11,0.00026855
1842,2075,Male,12,0.00050865
1843,2075,Female,12,0.00028132
1844,2075,Male,13,0.00055568
1845,2075,Female,13,0.00030676
1846,2075,Male,14,0.00063371
1847,2075,Female,14,0.00034287
1848,2075,Male,15,0.00074212
1849,2075,Female,15,0.00039199
1850,2075,Male,16,0.00087433
1851,2075,Female,16,0.00044467
1852,2075,Male,17,0.00102996
1853,2075,Female,17,0.00050017
1854,2075,Male,18,0.00119462
1855,2075,Female,18,0.0005577
1856,2075,Male,19,0.00132547
1857,2075,Female,19,0.00060998
1858,2075,Male,20,0.00144715
1859,2075,Female,20,0.00066074
1860,2075,Male,21,0.00155519
1861,2075,Female,21,0.00070318
1862,2075,Male,22,0.00165149
1863,2075,Female,22,0.00075303
1864,2075,Male,23,0.0017332
1865,2075,Female,23,0.00080323
1866,2075,Male,24,0.00180563
1867,2075,Female,24,0.00085556
1868,2075,Male,25,0.00188155
1869,2075,Female,25,0.00090946
1870,2075,Male,26,0.00195844
1871,2075,Female,26,0.0009713
1872,2075,Male,27,0.00205311
1873,2075,Female,27,0.00103568
1874,2075,Male,28,0.00215696
1875,2075,Female,28,0.00110024
1876,2075,Male,29,0.00227262
1877,2075,Female,29,0.00117156
1878,2075,Male,30,0.00241589
1879,2075,Female,30,0.00124794
1880,2075,Male,31,0.0025525
1881,2075,Female,31,0.00131908
1882,2075,Male,32,0.00273168
1883,2075,Female,32,0.00142071
1884,2075,Male,33,0.00291892
1885,2075,Female,33,0.00152071
1886,2075,Male,34,0.00313465
1887,2075,Female,34,0.00163296
1888,2075,Male,35,0.00337061
1889,2075,Female,35,0.00176507
1890,2075,Male,36,0.0036137
1891,2075,Female,36,0.00189831
1892,2075,Male,37,0.00389002
1893,2075,Female,37,0.00203974
1894,2075,Male,38,0.00418153
1895,2075,Female,38,0.00220444
1896,2075,Male,39,0.00448894
1897,2075,Female,39,0.00236932
1898,2075,Male,40,0.00485342
1899,2075,Female,40,0.00256205
1900,2075,Male,41,0.00517966
1901,2075,Female,41,0.00274065
1902,2075,Male,42,0.00559291
1903,2075,Female,42,0.0029687
1904,2075,Male,43,0.00601533
1905,2075,Female,43,0.00319533
1906,2075,Male,44,0.00649099
1907,2075,Female,44,0.00345173
1908,2075,Male,45,0.0070398
1909,2075,Female,45,0.00375372
1910,2075,Male,46,0.00758563
1911,2075,Female,46,0.00405448
1912,2075,Male,47,0.0081995
1913,2075,Female,47,0.00440069
1914,2075,Male,48,0.00887984
1915,2075,Female,48,0.00479589
1916,2075,Male,49,0.00960054
1917,2075,Female,49,0.00520828
1918,2075,Male,50,0.01045112
1919,2075,Female,50,0.00569504
1920,2075,Male,51,0.01118185
1921,2075,Female,51,0.00610312
1922,2075,Male,52,0.01209082
1923,2075,Female,52,0.00665096
1924,2075,Male,53,0.0129965
1925,2075,Female,53,0.00716162
1926,2075,Male,54,0.01400271
1927,2075,Female,54,0.00775269
1928,2075,Male,55,0.0151139
1929,2075,Female,55,0.0083874
1930,2075,Male,56,0.01624515
1931,2075,Female,56,0.00908377
1932,2075,Male,57,0.01751417
1933,2075,Female,57,0.0098284
1934,2075,Male,58,0.01896136
1935,2075,Female,58,0.01071906
1936,2075,Male,59,0.02052843
1937,2075,Female,59,0.01166747
1938,2075,Male,60,0.02247044
1939,2075,Female,60,0.01287472
1940,2075,Male,61,0.02415909
1941,2075,Female,61,0.01395549
1942,2075,Male,62,0.02630219
1943,2075,Female,62,0.01540661
1944,2075,Male,63,0.02844812
1945,2075,Female,63,0.016902
1946,2075,Male,64,0.03080768
1947,2075,Female,64,0.01860347
1948,2075,Male,65,0.03340305
1949,2075,Female,65,0.02055329
1950,2075,Male,66,0.03537279
1951,2075,Female,66,0.02213164
1952,2075,Male,67,0.03766156
1953,2075,Female,67,0.02402023
1954,2075,Male,68,0.04020972
1955,2075,Female,68,0.02615862
1956,2075,Male,69,0.04293742
1957,2075,Female,69,0.02840681
1958,2075,Male,70,0.04624236
1959,2075,Female,70,0.03126026
1960,2075,Male,71,0.04927372
1961,2075,Female,71,0.03375151
1962,2075,Male,72,0.05320103
1963,2075,Female,72,0.03713132
1964,2075,Male,73,0.05710857
1965,2075,Female,73,0.04043415
1966,2075,Male,74,0.06143489
1967,2075,Female,74,0.04420593
1968,2075,Male,75,0.06615795
1969,2075,Female,75,0.04833279
1970,2075,Male,76,0.07128839
1971,2075,Female,76,0.0528365
1972,2075,Male,77,0.0767959
1973,2075,Female,77,0.05766255
1974,2075,Male,78,0.08332662
1975,2075,Female,78,0.06361287
1976,2075,Male,79,0.09005391
1977,2075,Female,79,0.06962685
1978,2075,Male,80,0.09801268
1979,2075,Female,80,0.07730995
1980,2075,Male,81,0.10733386
1981,2075,Female,81,0.08549479
1982,2075,Male,82,0.11886398
1983,2075,Female,82,0.09617551
1984,2075,Male,83,0.13077755
1985,2075,Female,83,0.10704659
1986,2075,Male,84,0.14414228
1987,2075,Female,84,0.11911057
1988,2075,Male,85,0.15790029
1989,2075,Female,85,0.13160987
1990,2075,Male,86,0.1734588
1991,2075,Female,86,0.1457711
1992,2075,Male,87,0.18950994
1993,2075,Female,87,0.16004895
1994,2075,Male,88,0.20657168
1995,2075,Female,88,0.17582636
1996,2075,Male,89,0.22465601
1997,2075,Female,89,0.19274311
1998,2075,Male,90,0.24437487
1999,2075,Female,90,0.21213298
2000,2075,Male,91,0.26412368
2001,2075,Female,91,0.22977861
2002,2075,Male,92,0.28670564
2003,2075,Female,92,0.25170429
2004,2075,Male,93,0.30937374
2005,2075,Female,93,0.27368204
2006,2075,Male,94,0.33288348
2007,2075,Female,94,0.29705652
2008,2075,Male,95,0.35635723
2009,2075,Female,95,0.32207085
2010,2075,Male,96,0.3811192
2011,2075,Female,96,0.34732131
2012,2075,Male,97,0.40593981
2013,2075,Female,97,0.3727616
2014,2075,Male,98,0.43067911
2015,2075,Female,98,0.39821838
2016,2075,Male,99,0.45879204
2017,2075,Female,99,0.4289423
2018,2075,Male,100,0.53058212
2019,2075,Female,100,0.48712484
2020,2085,Male,0,0.02237554
2021,2085,Female,0,0.01198406
2022,2085,Male,1,0.00201721
2023,2085,Female,1,0.00128901
2024,2085,Male,2,0.00145794
2025,2085,Female,2,0.0008729
2026,2085,Male,3,0.00110282
2027,2085,Female,3,0.00063477
2028,2085,Male,4,0.00086163
2029,2085,Female,4,0.00048008
2030,2085,Male,5,0.00068873
2031,2085,Female,5,0.0003775
2032,2085,Male,6,0.00058618
2033,2085,Female,6,0.00031425
2034,2085,Male,7,0.00051633
2035,2085,Female,7,0.00027266
2036,2085,Male,8,0.00046377
2037,2085,Female,8,0.00024385
2038,2085,Male,9,0.00042986
2039,2085,Female,9,0.00022726
2040,2085,Male,10,0.00041658
2041,2085,Female,10,0.0002202
2042,2085,Male,11,0.00042364
2043,2085,Female,11,0.00022108
2044,2085,Male,12,0.00044572
2045,2085,Female,12,0.00023211
2046,2085,Male,13,0.00048852
2047,2085,Female,13,0.00025351
2048,2085,Male,14,0.00055856
2049,2085,Female,14,0.00028387
2050,2085,Male,15,0.00065557
2051,2085,Female,15,0.00032486
2052,2085,Male,16,0.00077372
2053,2085,Female,16,0.00036922
2054,2085,Male,17,0.00091142
2055,2085,Female,17,0.00041608
2056,2085,Male,18,0.00105576
2057,2085,Female,18,0.00046447
2058,2085,Male,19,0.00117156
2059,2085,Female,19,0.00050861
2060,2085,Male,20,0.00127666
2061,2085,Female,20,0.00055117
2062,2085,Male,21,0.00136726
2063,2085,Female,21,0.00058712
2064,2085,Male,22,0.00144563
2065,2085,Female,22,0.0006284
2066,2085,Male,23,0.00151071
2067,2085,Female,23,0.00067008
2068,2085,Male,24,0.0015677
2069,2085,Female,24,0.00071363
2070,2085,Male,25,0.00162759
2071,2085,Female,25,0.00075871
2072,2085,Male,26,0.0016895
2073,2085,Female,26,0.00081034
2074,2085,Male,27,0.00176687
2075,2085,Female,27,0.00086424
2076,2085,Male,28,0.00185325
2077,2085,Female,28,0.00091863
2078,2085,Male,29,0.00195087
2079,2085,Female,29,0.00097857
2080,2085,Male,30,0.00207219
2081,2085,Female,30,0.00104297
2082,2085,Male,31,0.00219063
2083,2085,Female,31,0.00110463
2084,2085,Male,32,0.00234462
2085,2085,Female,32,0.00119075
2086,2085,Male,33,0.00250671
2087,2085,Female,33,0.00127698
2088,2085,Male,34,0.00269344
2089,2085,Female,34,0.00137413
2090,2085,Male,35,0.00289856
2091,2085,Female,35,0.00148821
2092,2085,Male,36,0.00311254
2093,2085,Female,36,0.00160511
2094,2085,Male,37,0.00335659
2095,2085,Female,37,0.00172999
2096,2085,Male,38,0.00361677
2097,2085,Female,38,0.00187487
2098,2085,Male,39,0.00389429
2099,2085,Female,39,0.00202185
2100,2085,Male,40,0.00422343
2101,2085,Female,40,0.0021933
2102,2085,Male,41,0.00452642
2103,2085,Female,41,0.00235618
2104,2085,Male,42,0.00490693
2105,2085,Female,42,0.00256204
2106,2085,Male,43,0.0053016
2107,2085,Female,43,0.00277081
2108,2085,Male,44,0.00574716
2109,2085,Female,44,0.00300781
2110,2085,Male,45,0.0062604
2111,2085,Female,45,0.00328598
2112,2085,Male,46,0.00677593
2113,2085,Female,46,0.00356564
2114,2085,Male,47,0.00735439
2115,2085,Female,47,0.00388538
2116,2085,Male,48,0.00799471
2117,2085,Female,48,0.00424796
2118,2085,Male,49,0.00867556
2119,2085,Female,49,0.00462738
2120,2085,Male,50,0.0094737
2121,2085,Female,50,0.00507152
2122,2085,Male,51,0.01017629
2123,2085,Female,51,0.0054519
2124,2085,Male,52,0.01104087
2125,2085,Female,52,0.0059536
2126,2085,Male,53,0.01191625
2127,2085,Female,53,0.00643101
2128,2085,Male,54,0.0128919
2129,2085,Female,54,0.00698301
2130,2085,Male,55,0.01397218
2131,2085,Female,55,0.00757928
2132,2085,Male,56,0.0150779
2133,2085,Female,56,0.00823029
2134,2085,Male,57,0.01631338
2135,2085,Female,57,0.0089282
2136,2085,Male,58,0.01771233
2137,2085,Female,58,0.00975572
2138,2085,Male,59,0.01922494
2139,2085,Female,59,0.01063945
2140,2085,Male,60,0.02107202
2141,2085,Female,60,0.01175223
2142,2085,Male,61,0.02270995
2143,2085,Female,61,0.01276515
2144,2085,Male,62,0.02475817
2145,2085,Female,62,0.01410955
2146,2085,Male,63,0.02683313
2147,2085,Female,63,0.01551298
2148,2085,Male,64,0.02912083
2149,2085,Female,64,0.01711726
2150,2085,Male,65,0.03164386
2151,2085,Female,65,0.01896132
2152,2085,Male,66,0.033653
2153,2085,Female,66,0.02051056
2154,2085,Male,67,0.03597183
2155,2085,Female,67,0.02235254
2156,2085,Male,68,0.03855054
2157,2085,Female,68,0.02443563
2158,2085,Male,69,0.04132215
2159,2085,Female,69,0.02664035
2160,2085,Male,70,0.04463409
2161,2085,Female,70,0.02939358
2162,2085,Male,71,0.0477489
2163,2085,Female,71,0.03186496
2164,2085,Male,72,0.05168897
2165,2085,Female,72,0.03513765
2166,2085,Male,73,0.05566572
2167,2085,Female,73,0.03838902
2168,2085,Male,74,0.06006669
2169,2085,Female,74,0.04209787
2170,2085,Male,75,0.06488111
2171,2085,Female,75,0.04617746
2172,2085,Male,76,0.0701281
2173,2085,Female,76,0.05065953
2174,2085,Male,77,0.07579163
2175,2085,Female,77,0.05550979
2176,2085,Male,78,0.0824458
2177,2085,Female,78,0.06143311
2178,2085,Male,79,0.08938261
2179,2085,Female,79,0.06752079
2180,2085,Male,80,0.09751569
2181,2085,Female,80,0.07516398
2182,2085,Male,81,0.10697542
2183,2085,Female,81,0.08335255
2184,2085,Male,82,0.11850839
2185,2085,Female,82,0.09380249
2186,2085,Male,83,0.13052993
2187,2085,Female,83,0.10451188
2188,2085,Male,84,0.14397774
2189,2085,Female,84,0.11634976
2190,2085,Male,85,0.15792806
2191,2085,Female,85,0.12867404
2192,2085,Male,86,0.17361741
2193,2085,Female,86,0.14258306
2194,2085,Male,87,0.18989036
2195,2085,Female,87,0.15675333
2196,2085,Male,88,0.20719383
2197,2085,Female,88,0.17241548
2198,2085,Male,89,0.225534
2199,2085,Female,89,0.18926755
2200,2085,Male,90,0.24544357
2201,2085,Female,90,0.20847679
2202,2085,Male,91,0.26551988
2203,2085,Female,91,0.22635363
2204,2085,Male,92,0.28821496
2205,2085,Female,92,0.24813331
2206,2085,Male,93,0.3111093
2207,2085,Female,93,0.27010332
2208,2085,Male,94,0.33485912
2209,2085,Female,94,0.29342783
2210,2085,Male,95,0.35868004
2211,2085,Female,95,0.31832356
2212,2085,Male,96,0.38384552
2213,2085,Female,96,0.34371421
2214,2085,Male,97,0.40914946
2215,2085,Female,97,0.36943278
2216,2085,Male,98,0.43444541
2217,2085,Female,98,0.39532268
2218,2085,Male,99,0.46276931
2219,2085,Female,99,0.42601129
2220,2085,Male,100,0.53323805
2221,2085,Female,100,0.48514606
2222,2095,Male,0,0.01934351
2223,2095,Female,0,0.01046261
2224,2095,Male,1,0.00157692
2225,2095,Female,1,0.00103408
2226,2095,Male,2,0.00117028
2227,2095,Female,2,0.00071945
2228,2095,Male,3,0.00090593
2229,2095,Female,3,0.00053187
2230,2095,Male,4,0.00072201
2231,2095,Female,4,0.00040694
2232,2095,Male,5,0.00058715
2233,2095,Female,5,0.0003225
2234,2095,Male,6,0.00050367
2235,2095,Female,6,0.00026882
2236,2095,Male,7,0.00044531
2237,2095,Female,7,0.00023325
2238,2095,Male,8,0.00040118
2239,2095,Female,8,0.00020893
2240,2095,Male,9,0.00037258
2241,2095,Female,9,0.00019505
2242,2095,Male,10,0.00036136
2243,2095,Female,10,0.00018946
2244,2095,Male,11,0.00036759
2245,2095,Female,11,0.00019082
2246,2095,Male,12,0.00038777
2247,2095,Female,12,0.00020083
2248,2095,Male,13,0.00042679
2249,2095,Female,13,0.00021976
2250,2095,Male,14,0.00049002
2251,2095,Female,14,0.00024659
2252,2095,Male,15,0.00057762
2253,2095,Female,15,0.00028253
2254,2095,Male,16,0.00068417
2255,2095,Female,16,0.00032167
2256,2095,Male,17,0.00080744
2257,2095,Female,17,0.00036316
2258,2095,Male,18,0.00093565
2259,2095,Female,18,0.00040586
2260,2095,Male,19,0.00103921
2261,2095,Female,19,0.00044501
2262,2095,Male,20,0.00113103
2263,2095,Female,20,0.00048251
2264,2095,Male,21,0.00120728
2265,2095,Female,21,0.00051421
2266,2095,Male,22,0.00127114
2267,2095,Female,22,0.00054976
2268,2095,Male,23,0.00132291
2269,2095,Female,23,0.00058566
2270,2095,Male,24,0.0013677
2271,2095,Female,24,0.00062318
2272,2095,Male,25,0.00141507
2273,2095,Female,25,0.00066214
2274,2095,Male,26,0.0014643
2275,2095,Female,26,0.00070614
2276,2095,Male,27,0.00152703
2277,2095,Female,27,0.00075211
2278,2095,Male,28,0.00159832
2279,2095,Female,28,0.00079866
2280,2095,Male,29,0.00168004
2281,2095,Female,29,0.00084984
2282,2095,Male,30,0.00178218
2283,2095,Female,30,0.00090491
2284,2095,Male,31,0.00188315
2285,2095,Female,31,0.00095833
2286,2095,Male,32,0.00201397
2287,2095,Female,32,0.00103172
2288,2095,Male,33,0.00215258
2289,2095,Female,33,0.00110612
2290,2095,Male,34,0.00231242
2291,2095,Female,34,0.00119014
2292,2095,Male,35,0.00248869
2293,2095,Female,35,0.00128858
2294,2095,Male,36,0.00267401
2295,2095,Female,36,0.00139029
2296,2095,Male,37,0.00288593
2297,2095,Female,37,0.00149931
2298,2095,Male,38,0.00311365
2299,2095,Female,38,0.0016253
2300,2095,Male,39,0.00335871
2301,2095,Female,39,0.00175424
2302,2095,Male,40,0.00364972
2303,2095,Female,40,0.00190432
2304,2095,Male,41,0.00392406
2305,2095,Female,41,0.00204965
2306,2095,Male,42,0.004267
2307,2095,Female,42,0.00223205
2308,2095,Male,43,0.00462755
2309,2095,Female,43,0.00241985
2310,2095,Male,44,0.00503613
2311,2095,Female,44,0.00263364
2312,2095,Male,45,0.00550659
2313,2095,Female,45,0.00288374
2314,2095,Male,46,0.00598445
2315,2095,Female,46,0.00313751
2316,2095,Male,47,0.00651926
2317,2095,Female,47,0.00342579
2318,2095,Male,48,0.00710996
2319,2095,Female,48,0.00375039
2320,2095,Male,49,0.00773928
2321,2095,Female,49,0.0040903
2322,2095,Male,50,0.00847201
2323,2095,Female,50,0.00448484
2324,2095,Male,51,0.00913325
2325,2095,Female,51,0.00482969
2326,2095,Male,52,0.00994
2327,2095,Female,52,0.00527765
2328,2095,Male,53,0.01077006
2329,2095,Female,53,0.00571119
2330,2095,Male,54,0.01169933
2331,2095,Female,54,0.00621196
2332,2095,Male,55,0.01273168
2333,2095,Female,55,0.00675526
2334,2095,Male,56,0.01379746
2335,2095,Female,56,0.00734763
2336,2095,Male,57,0.01498298
2337,2095,Female,57,0.00798375
2338,2095,Male,58,0.01631427
2339,2095,Female,58,0.00873126
2340,2095,Male,59,0.01774917
2341,2095,Female,59,0.0095311
2342,2095,Male,60,0.01947356
2343,2095,Female,60,0.0105276
2344,2095,Male,61,0.02103528
2345,2095,Female,61,0.01145147
2346,2095,Male,62,0.02296006
2347,2095,Female,62,0.01266454
2348,2095,Male,63,0.02493409
2349,2095,Female,63,0.01394672
2350,2095,Male,64,0.02711849
2351,2095,Female,64,0.01541946
2352,2095,Male,65,0.02953604
2353,2095,Female,65,0.01711743
2354,2095,Male,66,0.03156011
2355,2095,Female,66,0.01859878
2356,2095,Male,67,0.03388252
2357,2095,Female,67,0.02035035
2358,2095,Male,68,0.03646259
2359,2095,Female,68,0.02232884
2360,2095,Male,69,0.03924573
2361,2095,Female,69,0.02443604
2362,2095,Male,70,0.04252577
2363,2095,Female,70,0.02702666
2364,2095,Male,71,0.04569025
2365,2095,Female,71,0.02941841
2366,2095,Male,72,0.04960075
2367,2095,Female,72,0.03251318
2368,2095,Male,73,0.05360247
2369,2095,Female,73,0.03563702
2370,2095,Male,74,0.05802955
2371,2095,Female,74,0.03919681
2372,2095,Male,75,0.06288393
2373,2095,Female,75,0.0431323
2374,2095,Male,76,0.06820179
2375,2095,Female,76,0.04749063
2376,2095,Male,77,0.07397699
2377,2095,Female,77,0.05225117
2378,2095,Male,78,0.08070817
2379,2095,Female,78,0.05801448
2380,2095,Male,79,0.08781289
2381,2095,Female,79,0.06403237
2382,2095,Male,80,0.09607557
2383,2095,Female,80,0.07146613
2384,2095,Male,81,0.10563267
2385,2095,Female,81,0.07948366
2386,2095,Male,82,0.11711628
2387,2095,Female,82,0.08949892
2388,2095,Male,83,0.12919606
2389,2095,Female,83,0.09983394
2390,2095,Male,84,0.14267246
2391,2095,Female,84,0.11121733
2392,2095,Male,85,0.15676618
2393,2095,Female,85,0.1231224
2394,2095,Male,86,0.17254745
2395,2095,Female,86,0.13652051
2396,2095,Male,87,0.18901705
2397,2095,Female,87,0.15031298
2398,2095,Male,88,0.20655
2399,2095,Female,88,0.16556456
2400,2095,Male,89,0.22514617
2401,2095,Female,89,0.18204352
2402,2095,Male,90,0.24525337
2403,2095,Female,90,0.20074044
2404,2095,Male,91,0.2656857
2405,2095,Female,91,0.21854978
2406,2095,Male,92,0.2885173
2407,2095,Female,92,0.23987401
2408,2095,Male,93,0.31167169
2409,2095,Female,93,0.26154908
2410,2095,Male,94,0.33570441
2411,2095,Female,94,0.28455383
2412,2095,Male,95,0.35993514
2413,2095,Female,95,0.30906456
2414,2095,Male,96,0.38564489
2415,2095,Female,96,0.33437257
2416,2095,Male,97,0.41161116
2417,2095,Female,97,0.36015926
2418,2095,Male,98,0.43768013
2419,2095,Female,98,0.38628521
2420,2095,Male,99,0.46645171
2421,2095,Female,99,0.41674618
2422,2095,Male,100,0.53546929
2423,2095,Female,100,0.47681625
